entry,type,group,partition
A2YQD9,chloroplast,0,0
Q0J8M2,chloroplast,0,0
P00228,chloroplast,0,0
O80429,chloroplast,0,0
P27787,chloroplast,0,0
P09911,chloroplast,0,0
P00221,chloroplast,0,0
P07839,chloroplast,0,0
P23400,chloroplast,0,0
A6Q0K5,chloroplast,0,0
P82195,chloroplast,0,0
A8J353,chloroplast,2,0
P82413,chloroplast,2,0
O24303,chloroplast,8,0
P02398,chloroplast,17,0
P24929,chloroplast,17,0
P11155,chloroplast,33,0
Q39734,chloroplast,33,0
Q39735,chloroplast,33,0
P19682,chloroplast,39,0
P19954,chloroplast,44,0
Q852S5,chloroplast,44,0
P24613,chloroplast,56,0
P82163,chloroplast,59,0
P82190,chloroplast,69,0
P31164,chloroplast,71,0
Q6ER94,chloroplast,71,0
P80030,chloroplast,84,0
Q9FYB5,chloroplast,92,0
P82191,chloroplast,93,0
P82249,chloroplast,102,0
Q01292,chloroplast,113,0
Q42843,chloroplast,136,0
Q8W593,chloroplast,151,0
Q9FVQ4,chloroplast,159,0
Q9SCL7,chloroplast,168,0
Q42512,chloroplast,1,1
P30956,chloroplast,11,1
P82248,chloroplast,24,1
P09842,chloroplast,30,1
P27736,chloroplast,30,1
Q0DEV5,chloroplast,30,1
Q42968,chloroplast,30,1
Q43092,chloroplast,30,1
Q0DEC8,chloroplast,30,1
Q43093,chloroplast,30,1
Q43847,chloroplast,30,1
P12629,chloroplast,34,1
P82278,chloroplast,34,1
P24846,chloroplast,57,1
P24847,chloroplast,57,1
P26259,chloroplast,57,1
P27683,chloroplast,62,1
Q02764,chloroplast,62,1
P29344,chloroplast,67,1
P38365,chloroplast,73,1
P82137,chloroplast,87,1
P82162,chloroplast,89,1
Q9ZST9,chloroplast,89,1
P82412,chloroplast,107,1
Q01401,chloroplast,114,1
Q41058,chloroplast,114,1
Q08047,chloroplast,114,1
Q06801,chloroplast,116,1
Q43117,chloroplast,140,1
Q93V66,chloroplast,152,1
Q94AL8,chloroplast,153,1
Q9SHU7,chloroplast,153,1
Q94FZ9,chloroplast,155,1
Q9LE95,chloroplast,162,1
Q9ST69,chloroplast,171,1
Q9XI19,chloroplast,172,1
O49937,chloroplast,9,2
P82277,chloroplast,9,2
P47923,chloroplast,9,2
P07505,chloroplast,21,2
P93407,chloroplast,21,2
P09856,chloroplast,22,2
P08926,chloroplast,27,2
P08927,chloroplast,27,2
P21240,chloroplast,27,2
Q9LJE4,chloroplast,27,2
P14655,chloroplast,35,2
P16096,chloroplast,38,2
Q9SJU4,chloroplast,38,2
Q40677,chloroplast,38,2
P19683,chloroplast,40,2
P19684,chloroplast,40,2
P22418,chloroplast,51,2
P22798,chloroplast,52,2
Q9ZP40,chloroplast,52,2
P25306,chloroplast,60,2
P41348,chloroplast,75,2
P49235,chloroplast,80,2
Q9ZP27,chloroplast,80,2
Q38786,chloroplast,80,2
Q1XH05,chloroplast,80,2
Q9FYS3,chloroplast,80,2
Q1XIR9,chloroplast,80,2
P82139,chloroplast,88,2
P82192,chloroplast,94,2
P93115,chloroplast,109,2
Q1EBV7,chloroplast,123,2
Q3C251,chloroplast,129,2
Q41008,chloroplast,131,2
Q43316,chloroplast,141,2
Q9LIR6,chloroplast,163,2
A8J637,chloroplast,3,3
I4DST8,chloroplast,5,3
I4DST9,chloroplast,5,3
O65220,chloroplast,10,3
P34791,chloroplast,10,3
P00455,chloroplast,15,3
Q9FKW6,chloroplast,15,3
Q8W493,chloroplast,15,3
P41345,chloroplast,15,3
P53991,chloroplast,15,3
P00873,chloroplast,16,3
P08475,chloroplast,16,3
P05348,chloroplast,16,3
P69249,chloroplast,16,3
Q0INY7,chloroplast,16,3
P15719,chloroplast,36,3
P21528,chloroplast,36,3
P52426,chloroplast,36,3
P16016,chloroplast,37,3
P17067,chloroplast,37,3
P19866,chloroplast,43,3
P21727,chloroplast,49,3
Q8RXN3,chloroplast,49,3
P22243,chloroplast,50,3
P46225,chloroplast,76,3
Q9MV14,chloroplast,76,3
P48629,chloroplast,79,3
P82193,chloroplast,90,3
P82194,chloroplast,96,3
P93431,chloroplast,111,3
Q08891,chloroplast,118,3
Q41635,chloroplast,133,3
Q6NLC1,chloroplast,145,3
Q96242,chloroplast,156,3
Q9LRI8,chloroplast,165,3
D0TZF0,chloroplast,4,4
Q6AU80,chloroplast,4,4
O04121,chloroplast,7,4
O82802,chloroplast,12,4
Q75NZ0,chloroplast,12,4
P02902,chloroplast,18,4
P08817,chloroplast,18,4
P07854,chloroplast,18,4
P07591,chloroplast,18,4
P82130,chloroplast,18,4
P04045,chloroplast,19,4
P09559,chloroplast,29,4
P19975,chloroplast,45,4
P19976,chloroplast,45,4
P29036,chloroplast,45,4
P29390,chloroplast,45,4
P23326,chloroplast,53,4
P82244,chloroplast,53,4
P82024,chloroplast,53,4
P24493,chloroplast,55,4
P27684,chloroplast,63,4
P30155,chloroplast,63,4
Q94AU9,chloroplast,63,4
P82245,chloroplast,70,4
P47910,chloroplast,77,4
P82411,chloroplast,77,4
P82403,chloroplast,83,4
P82180,chloroplast,91,4
P82231,chloroplast,98,4
Q01289,chloroplast,112,4
Q42529,chloroplast,135,4
Q8L9X2,chloroplast,148,4
Q9AWA5,chloroplast,157,4
Q9LWB5,chloroplast,166,4
Q9ZST8,chloroplast,175,4
Q66GI4,dual,3,0
Q9S7E4,dual,8,0
Q42592,dual,2,1
Q9M8M7,dual,7,1
O49203,dual,1,2
Q9FEA2,dual,6,2
F4JV80,dual,0,3
Q94AG6,dual,5,3
Q8L785,dual,4,4
P30533,ER,2,0
Q9R1J0,ER,7,0
P14314,ER,1,1
Q8TD06,ER,6,1
P11598,ER,0,2
Q8T045,ER,5,2
Q8NBJ7,ER,4,3
Q8NBJ5,ER,3,4
O23240,Mitochondrion,14,0
O80543,Mitochondrion,20,0
O95571,Mitochondrion,26,0
P00424,Mitochondrion,37,0
P00505,Mitochondrion,46,0
P00507,Mitochondrion,46,0
P12345,Mitochondrion,46,0
P00506,Mitochondrion,46,0
P12344,Mitochondrion,46,0
P00508,Mitochondrion,46,0
P00829,Mitochondrion,50,0
P06576,Mitochondrion,50,0
P10719,Mitochondrion,50,0
Q01859,Mitochondrion,50,0
P17614,Mitochondrion,50,0
P83484,Mitochondrion,50,0
P83483,Mitochondrion,50,0
Q9C5A9,Mitochondrion,50,0
P22068,Mitochondrion,50,0
Q6CFT7,Mitochondrion,50,0
P04182,Mitochondrion,60,0
P29758,Mitochondrion,60,0
Q64565,Mitochondrion,60,0
Q9BYV1,Mitochondrion,60,0
P05165,Mitochondrion,63,0
Q96RQ3,Mitochondrion,63,0
Q42777,Mitochondrion,63,0
P07257,Mitochondrion,72,0
P07470,Mitochondrion,73,0
P24310,Mitochondrion,73,0
P13184,Mitochondrion,73,0
P24311,Mitochondrion,73,0
P08503,Mitochondrion,81,0
P15651,Mitochondrion,81,0
P16219,Mitochondrion,81,0
P45954,Mitochondrion,81,0
P12007,Mitochondrion,81,0
P26440,Mitochondrion,81,0
P15650,Mitochondrion,81,0
P09440,Mitochondrion,86,0
Q6UB35,Mitochondrion,86,0
P0C2C0,Mitochondrion,91,0
P0DKI0,Mitochondrion,99,0
P0DKI1,Mitochondrion,99,0
P0DPI2,Mitochondrion,101,0
P11914,Mitochondrion,105,0
Q2M2T7,Mitochondrion,125,0
P12234,Mitochondrion,126,0
P16036,Mitochondrion,126,0
P20285,Mitochondrion,132,0
Q01205,Mitochondrion,132,0
P36957,Mitochondrion,132,0
P14519,Mitochondrion,142,0
Q9SZJ5,Mitochondrion,142,0
P14604,Mitochondrion,143,0
P30084,Mitochondrion,143,0
Q13825,Mitochondrion,143,0
Q5XIE6,Mitochondrion,143,0
P15690,Mitochondrion,148,0
P24918,Mitochondrion,148,0
P19955,Mitochondrion,168,0
P20000,Mitochondrion,169,0
Q9SU63,Mitochondrion,169,0
Q8S528,Mitochondrion,169,0
P46367,Mitochondrion,169,0
P51650,Mitochondrion,169,0
Q02253,Mitochondrion,169,0
Q0WM29,Mitochondrion,169,0
P24919,Mitochondrion,195,0
P25605,Mitochondrion,200,0
P25719,Mitochondrion,204,0
P29117,Mitochondrion,204,0
Q6C2V6,Mitochondrion,235,0
P35571,Mitochondrion,244,0
P36519,Mitochondrion,250,0
P36528,Mitochondrion,257,0
P39112,Mitochondrion,268,0
P42676,Mitochondrion,275,0
P42847,Mitochondrion,277,0
P51998,Mitochondrion,291,0
P54898,Mitochondrion,300,0
P82919,Mitochondrion,320,0
Q00972,Mitochondrion,337,0
Q02773,Mitochondrion,346,0
Q08968,Mitochondrion,356,0
Q2V2P9,Mitochondrion,377,0
Q3T0L3,Mitochondrion,388,0
Q43153,Mitochondrion,396,0
Q43725,Mitochondrion,396,0
Q5XF59,Mitochondrion,404,0
Q8RXN4,Mitochondrion,404,0
Q5XF75,Mitochondrion,405,0
Q6UPE0,Mitochondrion,421,0
Q8GZA6,Mitochondrion,428,0
Q8VYR5,Mitochondrion,441,0
Q8W487,Mitochondrion,442,0
Q9P0P8,Mitochondrion,442,0
Q99757,Mitochondrion,450,0
Q96IL0,Mitochondrion,455,0
Q9BEA2,Mitochondrion,459,0
Q9NUB1,Mitochondrion,459,0
Q9FLX7,Mitochondrion,470,0
Q9LDV4,Mitochondrion,482,0
Q9M3A8,Mitochondrion,493,0
Q9NVH6,Mitochondrion,504,0
Q9SX77,Mitochondrion,514,0
F4IAT8,Mitochondrion,8,1
F4IAW1,Mitochondrion,8,1
P0DKB9,Mitochondrion,8,1
P0DKB7,Mitochondrion,8,1
P0DKB8,Mitochondrion,8,1
P00125,Mitochondrion,28,1
P07142,Mitochondrion,28,1
P07143,Mitochondrion,28,1
Q9Y6E7,Mitochondrion,28,1
P00126,Mitochondrion,29,1
P99028,Mitochondrion,29,1
P00430,Mitochondrion,41,1
Q1W0Y2,Mitochondrion,41,1
P80432,Mitochondrion,41,1
P15954,Mitochondrion,41,1
P04039,Mitochondrion,41,1
P35171,Mitochondrion,41,1
P14406,Mitochondrion,41,1
P00431,Mitochondrion,42,1
P01097,Mitochondrion,53,1
P01098,Mitochondrion,53,1
P16221,Mitochondrion,58,1
P05626,Mitochondrion,65,1
Q6C105,Mitochondrion,65,1
P12074,Mitochondrion,74,1
P10818,Mitochondrion,74,1
P25712,Mitochondrion,74,1
P23934,Mitochondrion,74,1
P07997,Mitochondrion,76,1
P08680,Mitochondrion,76,1
P22557,Mitochondrion,76,1
P09380,Mitochondrion,84,1
P09381,Mitochondrion,84,1
P28042,Mitochondrion,84,1
Q04837,Mitochondrion,84,1
P54622,Mitochondrion,84,1
P09623,Mitochondrion,88,1
P49819,Mitochondrion,88,1
Q9M5K3,Mitochondrion,88,1
P31023,Mitochondrion,88,1
P09624,Mitochondrion,88,1
Q9M5K2,Mitochondrion,88,1
Q9SPB1,Mitochondrion,88,1
Q41219,Mitochondrion,88,1
Q9Z0J5,Mitochondrion,88,1
Q9JLT4,Mitochondrion,88,1
P11325,Mitochondrion,117,1
Q3E870,Mitochondrion,136,1
P13621,Mitochondrion,138,1
Q2EN81,Mitochondrion,138,1
P48047,Mitochondrion,138,1
P22778,Mitochondrion,138,1
Q6C9B1,Mitochondrion,138,1
Q96251,Mitochondrion,138,1
P53163,Mitochondrion,138,1
P14063,Mitochondrion,139,1
P14066,Mitochondrion,140,1
P17694,Mitochondrion,162,1
P22142,Mitochondrion,162,1
P18155,Mitochondrion,164,1
P21771,Mitochondrion,176,1
P22033,Mitochondrion,179,1
P22354,Mitochondrion,183,1
P23589,Mitochondrion,188,1
P43165,Mitochondrion,188,1
P35218,Mitochondrion,188,1
P25284,Mitochondrion,196,1
Q9SK66,Mitochondrion,196,1
P25846,Mitochondrion,206,1
Q9M7T0,Mitochondrion,216,1
P32387,Mitochondrion,233,1
P82918,Mitochondrion,242,1
P36517,Mitochondrion,249,1
P36527,Mitochondrion,256,1
P38447,Mitochondrion,265,1
P40185,Mitochondrion,271,1
Q9LW15,Mitochondrion,271,1
P42028,Mitochondrion,273,1
P80269,Mitochondrion,273,1
Q9FJW4,Mitochondrion,274,1
P46637,Mitochondrion,281,1
P51557,Mitochondrion,289,1
P53875,Mitochondrion,298,1
P55809,Mitochondrion,303,1
Q29551,Mitochondrion,303,1
P82913,Mitochondrion,318,1
P93736,Mitochondrion,333,1
P97576,Mitochondrion,334,1
Q3SZC1,Mitochondrion,334,1
Q02486,Mitochondrion,345,1
Q08230,Mitochondrion,355,1
Q13268,Mitochondrion,366,1
Q2TBR2,Mitochondrion,376,1
Q3T0J3,Mitochondrion,387,1
Q5A8K2,Mitochondrion,401,1
Q6SZW1,Mitochondrion,419,1
Q874C1,Mitochondrion,426,1
Q8NI60,Mitochondrion,437,1
Q96E29,Mitochondrion,454,1
Q9CQY6,Mitochondrion,465,1
Q9H300,Mitochondrion,477,1
Q9LUW5,Mitochondrion,488,1
Q9LUW6,Mitochondrion,488,1
Q9LY43,Mitochondrion,492,1
Q9NR28,Mitochondrion,502,1
Q9SVM8,Mitochondrion,513,1
A4FUC0,Mitochondrion,2,2
C8V9Y5,Mitochondrion,6,2
O44074,Mitochondrion,16,2
O75439,Mitochondrion,18,2
P31800,Mitochondrion,18,2
P31930,Mitochondrion,18,2
Q42290,Mitochondrion,18,2
P11913,Mitochondrion,18,2
P10507,Mitochondrion,18,2
P20069,Mitochondrion,18,2
P23955,Mitochondrion,18,2
O75489,Mitochondrion,19,2
P23709,Mitochondrion,19,2
O82663,Mitochondrion,24,2
Q00711,Mitochondrion,24,2
Q0QF01,Mitochondrion,24,2
Q9YHT1,Mitochondrion,24,2
O95178,Mitochondrion,25,2
Q02374,Mitochondrion,25,2
P01096,Mitochondrion,25,2
P13182,Mitochondrion,25,2
P07471,Mitochondrion,25,2
P00428,Mitochondrion,25,2
P80431,Mitochondrion,25,2
P21571,Mitochondrion,25,2
Q710D6,Mitochondrion,25,2
P00175,Mitochondrion,30,2
P00346,Mitochondrion,33,2
P04636,Mitochondrion,33,2
P83373,Mitochondrion,33,2
Q9ZP06,Mitochondrion,33,2
Q9LKA3,Mitochondrion,33,2
P17505,Mitochondrion,33,2
P00426,Mitochondrion,38,2
P11240,Mitochondrion,38,2
P20674,Mitochondrion,38,2
P55954,Mitochondrion,38,2
P00427,Mitochondrion,38,2
P10606,Mitochondrion,38,2
P00889,Mitochondrion,52,2
P83372,Mitochondrion,52,2
Q50I20,Mitochondrion,52,2
Q9TEM3,Mitochondrion,52,2
P02721,Mitochondrion,56,2
P18859,Mitochondrion,56,2
P05166,Mitochondrion,64,2
Q9HCC0,Mitochondrion,64,2
P08165,Mitochondrion,78,2
P56522,Mitochondrion,78,2
Q39243,Mitochondrion,78,2
P08417,Mitochondrion,79,2
P93033,Mitochondrion,79,2
P09605,Mitochondrion,87,2
P17540,Mitochondrion,87,2
P11009,Mitochondrion,87,2
P70079,Mitochondrion,87,2
P25809,Mitochondrion,87,2
P0C2C4,Mitochondrion,93,2
P10355,Mitochondrion,104,2
Q02784,Mitochondrion,106,2
P92507,Mitochondrion,106,2
Q09128,Mitochondrion,107,2
P23004,Mitochondrion,119,2
P12687,Mitochondrion,130,2
P16622,Mitochondrion,155,2
P22315,Mitochondrion,155,2
P19414,Mitochondrion,166,2
P19483,Mitochondrion,167,2
P25705,Mitochondrion,167,2
Q6C326,Mitochondrion,167,2
Q9FLQ4,Mitochondrion,171,2
Q8H107,Mitochondrion,171,2
P23368,Mitochondrion,187,2
P25285,Mitochondrion,197,2
P28337,Mitochondrion,197,2
P31334,Mitochondrion,227,2
Q3ZBX6,Mitochondrion,227,2
P32340,Mitochondrion,232,2
P36516,Mitochondrion,248,2
P36525,Mitochondrion,254,2
P37298,Mitochondrion,262,2
P42026,Mitochondrion,272,2
P50441,Mitochondrion,288,2
P53219,Mitochondrion,296,2
P68209,Mitochondrion,308,2
Q8LAD2,Mitochondrion,308,2
P80147,Mitochondrion,312,2
P92983,Mitochondrion,331,2
Q02337,Mitochondrion,343,2
Q07116,Mitochondrion,353,2
Q0P5L8,Mitochondrion,360,2
Q2HJJ1,Mitochondrion,372,2
Q2TBK2,Mitochondrion,375,2
Q3SZ47,Mitochondrion,384,2
Q56XI1,Mitochondrion,400,2
Q6NQ83,Mitochondrion,418,2
Q7Z6M4,Mitochondrion,425,2
Q8LEE7,Mitochondrion,436,2
Q96CB9,Mitochondrion,453,2
Q9C6I6,Mitochondrion,464,2
Q9H2U2,Mitochondrion,476,2
Q9LXF4,Mitochondrion,491,2
Q9NPH0,Mitochondrion,501,2
Q9SV46,Mitochondrion,512,2
Q9ZQE5,Mitochondrion,526,2
Q9ZU67,Mitochondrion,527,2
A1XBS5,Mitochondrion,0,3
A8NN94,Mitochondrion,4,3
C0HK54,Mitochondrion,5,3
Q6C877,Mitochondrion,5,3
Q12165,Mitochondrion,5,3
P05630,Mitochondrion,5,3
P35434,Mitochondrion,5,3
P30049,Mitochondrion,5,3
Q09544,Mitochondrion,5,3
Q96252,Mitochondrion,5,3
Q40089,Mitochondrion,5,3
O00142,Mitochondrion,10,3
O35854,Mitochondrion,15,3
O49354,Mitochondrion,17,3
O82662,Mitochondrion,23,3
Q6K9N6,Mitochondrion,23,3
P00258,Mitochondrion,32,3
P82928,Mitochondrion,32,3
P12075,Mitochondrion,40,3
Q9SSB8,Mitochondrion,40,3
P04037,Mitochondrion,40,3
Q9M9M6,Mitochondrion,40,3
Q9UII2,Mitochondrion,40,3
Q32PC3,Mitochondrion,40,3
Q9ZUX4,Mitochondrion,40,3
Q6C9E6,Mitochondrion,40,3
P00480,Mitochondrion,44,3
P84010,Mitochondrion,44,3
P00481,Mitochondrion,44,3
P00842,Mitochondrion,51,3
P07926,Mitochondrion,51,3
P32876,Mitochondrion,51,3
P17605,Mitochondrion,51,3
P10176,Mitochondrion,54,3
Q04401,Mitochondrion,57,3
P04394,Mitochondrion,61,3
P05631,Mitochondrion,67,3
Q6C338,Mitochondrion,67,3
P38077,Mitochondrion,67,3
P26360,Mitochondrion,67,3
P07056,Mitochondrion,69,3
P08067,Mitochondrion,69,3
P08461,Mitochondrion,80,3
Q5M729,Mitochondrion,80,3
Q8RWN9,Mitochondrion,80,3
P12695,Mitochondrion,80,3
P08559,Mitochondrion,82,3
P16387,Mitochondrion,82,3
P52903,Mitochondrion,82,3
P0C2B9,Mitochondrion,90,3
P0CS90,Mitochondrion,94,3
P0CS91,Mitochondrion,94,3
P38646,Mitochondrion,94,3
P38647,Mitochondrion,94,3
Q9LDZ0,Mitochondrion,94,3
Q8GUM2,Mitochondrion,94,3
P32799,Mitochondrion,110,3
P36532,Mitochondrion,110,3
P11177,Mitochondrion,114,3
P49432,Mitochondrion,114,3
P11966,Mitochondrion,114,3
P26269,Mitochondrion,114,3
Q38799,Mitochondrion,114,3
P32473,Mitochondrion,114,3
P13183,Mitochondrion,135,3
Q9C5E8,Mitochondrion,135,3
P13619,Mitochondrion,137,3
P16451,Mitochondrion,154,3
P25711,Mitochondrion,202,3
P28241,Mitochondrion,213,3
P28834,Mitochondrion,213,3
P30038,Mitochondrion,220,3
P32266,Mitochondrion,231,3
P32904,Mitochondrion,238,3
P33421,Mitochondrion,239,3
P35720,Mitochondrion,239,3
P34942,Mitochondrion,240,3
P91929,Mitochondrion,240,3
P36046,Mitochondrion,247,3
P36523,Mitochondrion,253,3
P36526,Mitochondrion,255,3
Q5BJX1,Mitochondrion,255,3
P36552,Mitochondrion,260,3
P38071,Mitochondrion,263,3
Q8WZM3,Mitochondrion,263,3
Q8LCU7,Mitochondrion,263,3
P39952,Mitochondrion,270,3
P49411,Mitochondrion,283,3
P53193,Mitochondrion,295,3
P78549,Mitochondrion,310,3
P87355,Mitochondrion,328,3
Q02204,Mitochondrion,341,3
Q07021,Mitochondrion,352,3
Q0WUC5,Mitochondrion,364,3
Q2TA68,Mitochondrion,374,3
Q3SYS0,Mitochondrion,383,3
Q49AM1,Mitochondrion,398,3
Q6CE48,Mitochondrion,415,3
Q7M0E7,Mitochondrion,424,3
Q8LCY2,Mitochondrion,435,3
Q9BZ23,Mitochondrion,461,3
Q9FX93,Mitochondrion,475,3
Q9LRP6,Mitochondrion,487,3
Q9N0F3,Mitochondrion,499,3
Q9SJ12,Mitochondrion,507,3
Q9VJV8,Mitochondrion,521,3
A3C6G9,Mitochondrion,1,4
Q9LQL0,Mitochondrion,1,4
P25855,Mitochondrion,1,4
P20821,Mitochondrion,1,4
P11183,Mitochondrion,1,4
P42116,Mitochondrion,1,4
A8MUP2,Mitochondrion,3,4
F1QG30,Mitochondrion,7,4
O02649,Mitochondrion,11,4
P63038,Mitochondrion,11,4
P31081,Mitochondrion,11,4
P10809,Mitochondrion,11,4
P25420,Mitochondrion,11,4
P29197,Mitochondrion,11,4
P29185,Mitochondrion,11,4
Q93ZM7,Mitochondrion,11,4
O04862,Mitochondrion,12,4
O14561,Mitochondrion,13,4
P52505,Mitochondrion,13,4
P11943,Mitochondrion,13,4
O80800,Mitochondrion,13,4
P53665,Mitochondrion,13,4
Q9FGJ4,Mitochondrion,13,4
Q95108,Mitochondrion,13,4
O80983,Mitochondrion,22,4
Q8JZQ2,Mitochondrion,22,4
Q920A7,Mitochondrion,22,4
Q3ULF4,Mitochondrion,22,4
O95831,Mitochondrion,27,4
P00189,Mitochondrion,31,4
P79202,Mitochondrion,31,4
P10612,Mitochondrion,31,4
P30099,Mitochondrion,31,4
P30100,Mitochondrion,31,4
P15393,Mitochondrion,31,4
P17178,Mitochondrion,31,4
P17177,Mitochondrion,31,4
P00366,Mitochondrion,34,4
P00367,Mitochondrion,34,4
P49448,Mitochondrion,34,4
P00423,Mitochondrion,36,4
P10888,Mitochondrion,36,4
P13073,Mitochondrion,36,4
P80971,Mitochondrion,36,4
P00447,Mitochondrion,43,4
P11796,Mitochondrion,43,4
P04179,Mitochondrion,43,4
Q9UQX0,Mitochondrion,43,4
P0C2C1,Mitochondrion,92,4
P10175,Mitochondrion,102,4
P14622,Mitochondrion,102,4
P80433,Mitochondrion,102,4
P11024,Mitochondrion,113,4
P42844,Mitochondrion,121,4
P12686,Mitochondrion,129,4
P12694,Mitochondrion,131,4
P17764,Mitochondrion,163,4
P55084,Mitochondrion,163,4
P21375,Mitochondrion,174,4
P21954,Mitochondrion,177,4
Q04467,Mitochondrion,177,4
P56574,Mitochondrion,177,4
P22027,Mitochondrion,178,4
P25348,Mitochondrion,198,4
P26969,Mitochondrion,211,4
Q9N2I8,Mitochondrion,225,4
P31937,Mitochondrion,230,4
P32898,Mitochondrion,237,4
P35705,Mitochondrion,245,4
P36520,Mitochondrion,251,4
Q0VC21,Mitochondrion,251,4
P36521,Mitochondrion,252,4
P36531,Mitochondrion,258,4
P39697,Mitochondrion,269,4
P49748,Mitochondrion,286,4
Q9H845,Mitochondrion,286,4
Q8HXG5,Mitochondrion,292,4
P54967,Mitochondrion,301,4
P83565,Mitochondrion,326,4
Q01992,Mitochondrion,340,4
Q04728,Mitochondrion,350,4
Q07511,Mitochondrion,354,4
Q9SXP2,Mitochondrion,354,4
Q0P5I5,Mitochondrion,359,4
Q16740,Mitochondrion,368,4
Q9FN42,Mitochondrion,368,4
Q39055,Mitochondrion,380,4
Q3SZ86,Mitochondrion,385,4
Q9EPJ3,Mitochondrion,385,4
Q3ZBF3,Mitochondrion,390,4
Q94AL9,Mitochondrion,407,4
Q6UPE1,Mitochondrion,422,4
Q8K2C6,Mitochondrion,432,4
Q91YT0,Mitochondrion,444,4
Q9FNN5,Mitochondrion,444,4
Q92247,Mitochondrion,446,4
Q94B59,Mitochondrion,449,4
Q96KR6,Mitochondrion,456,4
Q9FME4,Mitochondrion,471,4
Q9FUT3,Mitochondrion,474,4
Q9JI39,Mitochondrion,474,4
Q9LEV3,Mitochondrion,484,4
Q9M8M3,Mitochondrion,497,4
Q9R0X4,Mitochondrion,506,4
Q9SX99,Mitochondrion,515,4
P19484,Nucleus_export,5,0
P35922,Nucleus_export,9,0
Q13015,Nucleus_export,15,0
Q5TAQ9,Nucleus_export,19,0
Q6NVF4,Nucleus_export,21,0
Q8NG08,Nucleus_export,21,0
Q8BMI0,Nucleus_export,24,0
Q9BVS4,Nucleus_export,31,0
Q9NUL5,Nucleus_export,36,0
O35973,Nucleus_export,2,1
O54943,Nucleus_export,2,1
P15330,Nucleus_export,4,1
P81299,Nucleus_export,14,1
Q6ICB0,Nucleus_export,20,1
Q80UP3,Nucleus_export,23,1
Q99LG4,Nucleus_export,30,1
Q9NRA0,Nucleus_export,35,1
Q9UK80,Nucleus_export,39,1
A8MR65,Nucleus_export,0,2
Q8S4Q6,Nucleus_export,0,2
P35869,Nucleus_export,8,2
P70278,Nucleus_export,13,2
Q7TPV4,Nucleus_export,22,2
Q8NAG6,Nucleus_export,27,2
Q9LPZ4,Nucleus_export,34,2
Q9WTL8,Nucleus_export,41,2
Q9WTZ9,Nucleus_export,42,2
O00571,Nucleus_export,1,3
P35123,Nucleus_export,7,3
P52306,Nucleus_export,12,3
Q13568,Nucleus_export,17,3
Q8N884,Nucleus_export,26,3
Q9HC62,Nucleus_export,33,3
Q9UBP0,Nucleus_export,38,3
Q9ULX6,Nucleus_export,40,3
Q9Z207,Nucleus_export,43,3
P25963,Nucleus_export,6,4
P46934,Nucleus_export,10,4
P51587,Nucleus_export,11,4
Q13148,Nucleus_export,16,4
Q3U0V2,Nucleus_export,18,4
Q8LH59,Nucleus_export,25,4
Q9BZS1,Nucleus_export,32,4
Q9NYA1,Nucleus_export,37,4
A1L3G9,Nucleus,0,0
B9X187,Nucleus,0,0
O00141,Nucleus,7,0
Q9UBS0,Nucleus,7,0
Q9TXJ0,Nucleus,7,0
Q965G5,Nucleus,7,0
Q13177,Nucleus,7,0
O00443,Nucleus,8,0
O15226,Nucleus,13,0
O43524,Nucleus,18,0
P19532,Nucleus,39,0
P40692,Nucleus,45,0
P52293,Nucleus,50,0
P54577,Nucleus,55,0
Q00558,Nucleus,60,0
Q08004,Nucleus,66,0
Q12796,Nucleus,69,0
Q14118,Nucleus,77,0
Q15911,Nucleus,82,0
Q5T5X7,Nucleus,92,0
Q6NTE8,Nucleus,97,0
Q7Z3E1,Nucleus,104,0
Q8BN78,Nucleus,110,0
Q8GXA4,Nucleus,115,0
Q92560,Nucleus,127,0
Q96FV9,Nucleus,133,0
Q9C0C9,Nucleus,138,0
Q9H6E4,Nucleus,142,0
Q9LJ97,Nucleus,144,0
Q9LMT7,Nucleus,145,0
Q9NPI1,Nucleus,146,0
Q9Y6D9,Nucleus,157,0
Q9Z301,Nucleus,158,0
A8MTJ6,Nucleus,1,1
D3Z120,Nucleus,1,1
P32182,Nucleus,1,1
Q12948,Nucleus,1,1
B8B2R4,Nucleus,2,1
O00757,Nucleus,9,1
O15381,Nucleus,14,1
O95568,Nucleus,24,1
P04117,Nucleus,28,1
Q01469,Nucleus,28,1
P05221,Nucleus,29,1
P10244,Nucleus,34,1
P11101,Nucleus,35,1
P21827,Nucleus,40,1
P41002,Nucleus,46,1
P52739,Nucleus,51,1
P63159,Nucleus,56,1
Q01826,Nucleus,62,1
Q12972,Nucleus,72,1
Q14190,Nucleus,78,1
Q22663,Nucleus,83,1
Q569N2,Nucleus,88,1
Q5YDB6,Nucleus,93,1
Q6NYC1,Nucleus,98,1
Q8BQP9,Nucleus,111,1
Q8H1D9,Nucleus,116,1
Q8VWG3,Nucleus,122,1
Q94BQ3,Nucleus,128,1
Q96GM8,Nucleus,134,1
Q9ET78,Nucleus,139,1
Q9GZX7,Nucleus,140,1
Q9QYS9,Nucleus,150,1
F1QN48,Nucleus,5,2
O08785,Nucleus,10,2
O22161,Nucleus,15,2
O60934,Nucleus,20,2
O95239,Nucleus,23,2
Q6YUL8,Nucleus,23,2
O95990,Nucleus,25,2
P06526,Nucleus,30,2
P09874,Nucleus,33,2
P12272,Nucleus,36,2
P23508,Nucleus,41,2
P43354,Nucleus,47,2
P54254,Nucleus,52,2
P70323,Nucleus,57,2
Q01844,Nucleus,63,2
Q13309,Nucleus,74,2
Q14493,Nucleus,79,2
Q22829,Nucleus,84,2
Q58F21,Nucleus,89,2
Q62315,Nucleus,94,2
Q6PDM1,Nucleus,99,2
Q7Z6G8,Nucleus,106,2
Q86U44,Nucleus,107,2
Q8BU11,Nucleus,112,2
Q8QZV7,Nucleus,121,2
Q9NVM9,Nucleus,121,2
Q9VEX5,Nucleus,121,2
Q8WTP8,Nucleus,123,2
Q96288,Nucleus,129,2
Q96KS0,Nucleus,135,2
Q9H040,Nucleus,141,2
Q9JIA7,Nucleus,143,2
G5EFF5,Nucleus,6,3
O14497,Nucleus,11,3
O43781,Nucleus,19,3
Q9NR20,Nucleus,19,3
O75475,Nucleus,21,3
O96006,Nucleus,26,3
P07664,Nucleus,31,3
P13405,Nucleus,37,3
P30999,Nucleus,42,3
P49591,Nucleus,48,3
P54259,Nucleus,53,3
P78953,Nucleus,58,3
Q01954,Nucleus,64,3
Q0E671,Nucleus,68,3
Q13426,Nucleus,75,3
Q14980,Nucleus,80,3
Q2R2D5,Nucleus,85,3
Q3UR85,Nucleus,87,3
Q9Y2G1,Nucleus,87,3
Q5BPF3,Nucleus,90,3
Q63014,Nucleus,95,3
Q6ZN17,Nucleus,101,3
Q7Z5L9,Nucleus,105,3
Q86WB0,Nucleus,108,3
Q8C5D8,Nucleus,113,3
Q8K3Y6,Nucleus,119,3
Q8WWY3,Nucleus,124,3
Q969P5,Nucleus,131,3
Q9BWT1,Nucleus,136,3
Q9SI37,Nucleus,151,3
V9M2S5,Nucleus,159,3
V9M398,Nucleus,159,3
O15162,Nucleus,12,4
O42250,Nucleus,16,4
Q90277,Nucleus,16,4
O43257,Nucleus,17,4
O94851,Nucleus,22,4
Q7RTP6,Nucleus,22,4
P03069,Nucleus,27,4
P09119,Nucleus,32,4
P16150,Nucleus,38,4
P34947,Nucleus,44,4
P49597,Nucleus,49,4
P54278,Nucleus,54,4
P98172,Nucleus,59,4
Q06890,Nucleus,65,4
Q08211,Nucleus,67,4
Q12874,Nucleus,70,4
Q13620,Nucleus,76,4
Q15397,Nucleus,81,4
Q3KP66,Nucleus,86,4
Q5T3J3,Nucleus,91,4
Q64163,Nucleus,96,4
Q7TT18,Nucleus,103,4
Q8BLY2,Nucleus,109,4
Q8GVD0,Nucleus,114,4
Q8IV63,Nucleus,117,4
Q8K3G5,Nucleus,117,4
Q8LEA8,Nucleus,120,4
Q91YE8,Nucleus,126,4
Q96D46,Nucleus,132,4
Q9BZZ5,Nucleus,137,4
Q9QY16,Nucleus,149,4
Q9UGN5,Nucleus,154,4
O64894,Peroxisome,1,0
Q63448,Peroxisome,1,0
P30952,Peroxisome,6,0
Q08558,Peroxisome,12,0
Q84WW2,Peroxisome,18,0
P07871,Peroxisome,3,1
P21775,Peroxisome,3,1
P38137,Peroxisome,7,1
Q12524,Peroxisome,13,1
Q8GW43,Peroxisome,19,1
P39994,Peroxisome,8,2
Q9UJ83,Peroxisome,8,2
P47148,Peroxisome,9,2
Q13315,Peroxisome,14,2
Q8LF36,Peroxisome,20,2
O43808,Peroxisome,0,3
P04040,Peroxisome,2,3
P97275,Peroxisome,11,3
Q4WF54,Peroxisome,15,3
Q9UHK6,Peroxisome,22,3
P08679,Peroxisome,4,4
P57093,Peroxisome,10,4
Q4WF55,Peroxisome,16,4
Q8WNV7,Peroxisome,21,4
A0A0A1I6E7,SIGNAL,2,0
A0A0A1I6N9,SIGNAL,2,0
G8YYA5,SIGNAL,2,0
G8YYA6,SIGNAL,2,0
C7B247,SIGNAL,2,0
P0DUT6,SIGNAL,2,0
O96059,SIGNAL,2,0
Q43413,SIGNAL,2,0
P82818,SIGNAL,2,0
Q8MTX2,SIGNAL,3,0
A0A2I8B346,SIGNAL,17,0
A0A2I8B353,SIGNAL,17,0
A0A2I8B352,SIGNAL,17,0
Q8MVA6,SIGNAL,17,0
Q9NII5,SIGNAL,17,0
C0HJQ4,SIGNAL,17,0
A0A411EZW9,SIGNAL,22,0
A8E2V8,SIGNAL,22,0
Q7ZTA7,SIGNAL,22,0
C0HKC3,SIGNAL,22,0
P00623,SIGNAL,22,0
P20476,SIGNAL,22,0
P00624,SIGNAL,22,0
Q6H3D0,SIGNAL,22,0
Q2HZ28,SIGNAL,22,0
Q7ZTA8,SIGNAL,22,0
Q7ZTA6,SIGNAL,22,0
Q800C4,SIGNAL,22,0
P06859,SIGNAL,22,0
Q2YHJ6,SIGNAL,22,0
Q6H3C7,SIGNAL,22,0
Q6H3C8,SIGNAL,22,0
P00625,SIGNAL,22,0
Q2YHJ3,SIGNAL,22,0
Q8QG87,SIGNAL,22,0
Q8AXY1,SIGNAL,22,0
P08878,SIGNAL,22,0
P34180,SIGNAL,22,0
A8CG78,SIGNAL,22,0
Q90Y77,SIGNAL,22,0
F8QN53,SIGNAL,22,0
D0UGJ0,SIGNAL,22,0
A8CG90,SIGNAL,22,0
P45881,SIGNAL,22,0
Q7T2R1,SIGNAL,22,0
Q98996,SIGNAL,22,0
B5U6Z2,SIGNAL,22,0
A8CG86,SIGNAL,22,0
P20474,SIGNAL,22,0
P31854,SIGNAL,22,0
A4VBF0,SIGNAL,22,0
P0CAR9,SIGNAL,22,0
P31100,SIGNAL,22,0
Q6EER4,SIGNAL,22,0
Q90W39,SIGNAL,22,0
Q805A2,SIGNAL,22,0
Q8JIY9,SIGNAL,22,0
Q71QE8,SIGNAL,22,0
Q3HLQ4,SIGNAL,22,0
Q1ZY03,SIGNAL,22,0
Q2YHJ2,SIGNAL,22,0
P24027,SIGNAL,22,0
Q02471,SIGNAL,22,0
Q2YHJ7,SIGNAL,22,0
Q1RP78,SIGNAL,22,0
F8QN54,SIGNAL,22,0
P11407,SIGNAL,22,0
Q1RP79,SIGNAL,22,0
P14424,SIGNAL,22,0
P00626,SIGNAL,22,0
Q6H3D6,SIGNAL,22,0
P62023,SIGNAL,22,0
P62022,SIGNAL,22,0
A8CG82,SIGNAL,22,0
Q6EER2,SIGNAL,22,0
A8CG89,SIGNAL,22,0
P17935,SIGNAL,22,0
Q6H3D7,SIGNAL,22,0
Q90249,SIGNAL,22,0
P0DJJ8,SIGNAL,22,0
P0DJJ9,SIGNAL,22,0
B5U6Y4,SIGNAL,22,0
P24605,SIGNAL,22,0
Q6H3D3,SIGNAL,22,0
Q6H3D4,SIGNAL,22,0
P70090,SIGNAL,22,0
Q6JK69,SIGNAL,22,0
P49121,SIGNAL,22,0
Q6H3D5,SIGNAL,22,0
Q2PG81,SIGNAL,22,0
P82114,SIGNAL,22,0
Q8UVZ7,SIGNAL,22,0
C0HKC2,SIGNAL,22,0
Q2PWA3,SIGNAL,22,0
P0CAS0,SIGNAL,22,0
O57385,SIGNAL,22,0
Q2YHJ4,SIGNAL,22,0
Q6H3D2,SIGNAL,22,0
Q2YHJ8,SIGNAL,22,0
Q2YHJ9,SIGNAL,22,0
P80963,SIGNAL,22,0
Q8UVU7,SIGNAL,22,0
Q9PVF4,SIGNAL,22,0
P14555,SIGNAL,22,0
P14423,SIGNAL,22,0
C0HLL2,SIGNAL,22,0
Q9QXX3,SIGNAL,22,0
P00593,SIGNAL,22,0
P00592,SIGNAL,22,0
P04054,SIGNAL,22,0
P23028,SIGNAL,22,0
P00616,SIGNAL,22,0
A6MEY4,SIGNAL,22,0
P00615,SIGNAL,22,0
G9I930,SIGNAL,22,0
P08905,SIGNAL,22,0
P00697,SIGNAL,22,0
A0A7E5WTY7,SIGNAL,24,0
Q7KRU8,SIGNAL,24,0
P41822,SIGNAL,24,0
P42578,SIGNAL,24,0
A1XRN2,SIGNAL,32,0
P0DQP8,SIGNAL,32,0
Q8AYA2,SIGNAL,32,0
C0STK6,SIGNAL,32,0
Q9YGG9,SIGNAL,32,0
A2AJB7,SIGNAL,34,0
P06911,SIGNAL,34,0
P02756,SIGNAL,34,0
P67976,SIGNAL,34,0
A2VBC4,SIGNAL,37,0
A3RF67,SIGNAL,38,0
Q9ZT64,SIGNAL,38,0
Q9SR37,SIGNAL,38,0
E3W9M2,SIGNAL,38,0
Q6UWM7,SIGNAL,38,0
A6P6V9,SIGNAL,43,0
Q8GTB6,SIGNAL,43,0
P30986,SIGNAL,43,0
A7L035,SIGNAL,45,0
A7L036,SIGNAL,45,0
A7VN13,SIGNAL,47,0
A7VN14,SIGNAL,47,0
P08118,SIGNAL,47,0
P15358,SIGNAL,47,0
Q6T6C2,SIGNAL,47,0
Q6UXB2,SIGNAL,47,0
P62931,SIGNAL,47,0
E7CLP2,SIGNAL,47,0
A8QL52,SIGNAL,57,0
J7H670,SIGNAL,57,0
Q90W54,SIGNAL,57,0
Q6STF1,SIGNAL,57,0
P81382,SIGNAL,57,0
O93364,SIGNAL,57,0
F8S0Z5,SIGNAL,57,0
P56742,SIGNAL,57,0
X2JCV5,SIGNAL,57,0
G8XQX1,SIGNAL,57,0
P0CC17,SIGNAL,57,0
Q6TGQ8,SIGNAL,57,0
P81383,SIGNAL,57,0
Q96RQ9,SIGNAL,57,0
B0XRV0,SIGNAL,66,0
B3STN7,SIGNAL,80,0
B5LYJ9,SIGNAL,82,0
Q39487,SIGNAL,82,0
Q43418,SIGNAL,82,0
P00711,SIGNAL,85,0
P00712,SIGNAL,85,0
P09462,SIGNAL,85,0
B7ZS96,SIGNAL,90,0
P31779,SIGNAL,90,0
P27731,SIGNAL,90,0
O55245,SIGNAL,90,0
P02767,SIGNAL,90,0
Q29616,SIGNAL,90,0
P02766,SIGNAL,90,0
O46654,SIGNAL,90,0
P91629,SIGNAL,90,0
P26776,SIGNAL,90,0
B8JLQ9,SIGNAL,92,0
Q8IVL8,SIGNAL,92,0
P15086,SIGNAL,92,0
P09955,SIGNAL,92,0
P00730,SIGNAL,92,0
P15085,SIGNAL,92,0
P09954,SIGNAL,92,0
B8M9H9,SIGNAL,93,0
Q9HE18,SIGNAL,93,0
Q8J0K5,SIGNAL,93,0
P07981,SIGNAL,93,0
Q95P90,SIGNAL,97,0
P91627,SIGNAL,112,0
Q91XV6,SIGNAL,112,0
P02740,SIGNAL,112,0
Q06153,SIGNAL,112,0
C0STK8,SIGNAL,121,0
Q9PWI4,SIGNAL,121,0
Q9PTC3,SIGNAL,121,0
P82144,SIGNAL,121,0
O57690,SIGNAL,121,0
P0DQP7,SIGNAL,121,0
Q9I8P7,SIGNAL,121,0
Q78CF9,SIGNAL,121,0
Q9PWI3,SIGNAL,121,0
P82143,SIGNAL,121,0
E0X9F6,SIGNAL,153,0
P55955,SIGNAL,153,0
P03973,SIGNAL,153,0
P15399,SIGNAL,164,0
P81608,SIGNAL,164,0
F1N2K1,SIGNAL,167,0
Q8NBM8,SIGNAL,167,0
O96910,SIGNAL,172,0
G3MYZ3,SIGNAL,190,0
P43652,SIGNAL,190,0
P02771,SIGNAL,190,0
P19121,SIGNAL,190,0
P02769,SIGNAL,190,0
P02770,SIGNAL,190,0
G4V4F9,SIGNAL,191,0
P13501,SIGNAL,203,0
I6RA76,SIGNAL,205,0
I6S7I0,SIGNAL,205,0
P84843,SIGNAL,205,0
M5AXY1,SIGNAL,218,0
P02753,SIGNAL,218,0
P27485,SIGNAL,218,0
P06912,SIGNAL,218,0
P04916,SIGNAL,218,0
P05090,SIGNAL,218,0
Q7M418,SIGNAL,218,0
Q01682,SIGNAL,220,0
O00206,SIGNAL,223,0
Q62192,SIGNAL,223,0
Q99467,SIGNAL,223,0
Q14392,SIGNAL,223,0
O00478,SIGNAL,225,0
P18892,SIGNAL,225,0
Q6UX41,SIGNAL,225,0
O35701,SIGNAL,257,0
P05099,SIGNAL,257,0
P07204,SIGNAL,257,0
O35744,SIGNAL,258,0
Q91Z98,SIGNAL,258,0
Q91XA9,SIGNAL,258,0
Q95M17,SIGNAL,258,0
Q13231,SIGNAL,258,0
Q29411,SIGNAL,258,0
P36222,SIGNAL,258,0
Q8SPQ0,SIGNAL,258,0
P30922,SIGNAL,258,0
Q9GV28,SIGNAL,258,0
Q23997,SIGNAL,258,0
Q8MM24,SIGNAL,258,0
Q86R84,SIGNAL,258,0
P81827,SIGNAL,260,0
O43155,SIGNAL,265,0
P01174,SIGNAL,277,0
Q00945,SIGNAL,277,0
P01178,SIGNAL,277,0
O54766,SIGNAL,280,0
Q62005,SIGNAL,280,0
Q00193,SIGNAL,280,0
O54767,SIGNAL,280,0
P20239,SIGNAL,280,0
O59896,SIGNAL,288,0
Q55P57,SIGNAL,288,0
P14133,SIGNAL,288,0
P24792,SIGNAL,288,0
O60046,SIGNAL,289,0
Q9NWM8,SIGNAL,289,0
Q8CEK3,SIGNAL,297,0
O70280,SIGNAL,305,0
P08751,SIGNAL,305,0
O75596,SIGNAL,310,0
P19999,SIGNAL,310,0
P39039,SIGNAL,310,0
Q9XSW3,SIGNAL,310,0
Q9BXJ0,SIGNAL,312,0
O76076,SIGNAL,314,0
P12843,SIGNAL,314,0
Q96I82,SIGNAL,314,0
Q07011,SIGNAL,314,0
Q92956,SIGNAL,314,0
P16611,SIGNAL,314,0
O76192,SIGNAL,315,0
Q9M0S4,SIGNAL,315,0
Q06577,SIGNAL,315,0
Q27022,SIGNAL,315,0
O76942,SIGNAL,318,0
P04280,SIGNAL,318,0
Q8HY17,SIGNAL,321,0
Q8WXF3,SIGNAL,321,0
P01329,SIGNAL,321,0
P01311,SIGNAL,321,0
P17715,SIGNAL,321,0
P01308,SIGNAL,321,0
P01317,SIGNAL,321,0
P01323,SIGNAL,321,0
P01321,SIGNAL,321,0
P01322,SIGNAL,321,0
P67970,SIGNAL,321,0
P01318,SIGNAL,321,0
P01335,SIGNAL,321,0
P01326,SIGNAL,321,0
P01325,SIGNAL,321,0
Q6UX46,SIGNAL,321,0
P63152,SIGNAL,321,0
O80323,SIGNAL,322,0
P42813,SIGNAL,322,0
P80022,SIGNAL,322,0
P08056,SIGNAL,322,0
P10281,SIGNAL,322,0
O80327,SIGNAL,323,0
P50694,SIGNAL,323,0
P81295,SIGNAL,323,0
P33679,SIGNAL,323,0
P83958,SIGNAL,323,0
P14170,SIGNAL,323,0
P12670,SIGNAL,323,0
P02883,SIGNAL,323,0
P25871,SIGNAL,323,0
O95407,SIGNAL,335,0
O95813,SIGNAL,339,0
O95998,SIGNAL,345,0
Q9Z0M9,SIGNAL,345,0
P61312,SIGNAL,345,0
P00996,SIGNAL,348,0
P13731,SIGNAL,411,0
P50448,SIGNAL,411,0
P09228,SIGNAL,418,0
P01036,SIGNAL,418,0
P01037,SIGNAL,418,0
P28325,SIGNAL,418,0
P01038,SIGNAL,418,0
P19313,SIGNAL,418,0
Q98967,SIGNAL,418,0
P35481,SIGNAL,418,0
Q6T6T4,SIGNAL,418,0
Q6TPK4,SIGNAL,418,0
Q8MJV4,SIGNAL,418,0
Q16568,SIGNAL,421,0
P01042,SIGNAL,422,0
P01045,SIGNAL,422,0
Q8WQK0,SIGNAL,427,0
P01137,SIGNAL,432,0
P01170,SIGNAL,437,0
Q9EQX0,SIGNAL,437,0
P01215,SIGNAL,448,0
P07474,SIGNAL,448,0
P01217,SIGNAL,448,0
P01218,SIGNAL,448,0
P01221,SIGNAL,448,0
P01248,SIGNAL,468,0
P10813,SIGNAL,468,0
P10298,SIGNAL,468,0
P34746,SIGNAL,468,0
Q76IQ4,SIGNAL,475,0
P13083,SIGNAL,480,0
P01350,SIGNAL,501,0
Q7Q7R8,SIGNAL,501,0
P01717,SIGNAL,501,0
P01730,SIGNAL,565,0
P06332,SIGNAL,565,0
P01830,SIGNAL,583,0
P07151,SIGNAL,586,0
P61769,SIGNAL,586,0
P01888,SIGNAL,586,0
P01920,SIGNAL,594,0
P02659,SIGNAL,613,0
Q6UWE3,SIGNAL,627,0
Q6ZSA7,SIGNAL,643,0
P11590,SIGNAL,650,0
P21760,SIGNAL,650,0
Q28388,SIGNAL,652,0
P02765,SIGNAL,654,0
P12763,SIGNAL,654,0
P24090,SIGNAL,654,0
P97515,SIGNAL,654,0
P29695,SIGNAL,654,0
Q9DGI0,SIGNAL,654,0
Q5KQS1,SIGNAL,654,0
Q5KQS4,SIGNAL,654,0
P02774,SIGNAL,660,0
P21614,SIGNAL,660,0
P04276,SIGNAL,660,0
P02783,SIGNAL,668,0
P02810,SIGNAL,676,0
Q84ZX5,SIGNAL,676,0
P02817,SIGNAL,676,0
P80356,SIGNAL,678,0
P03971,SIGNAL,689,0
P04278,SIGNAL,708,0
P15196,SIGNAL,708,0
P81019,SIGNAL,716,0
P04634,SIGNAL,717,0
P80035,SIGNAL,717,0
P07098,SIGNAL,717,0
P38571,SIGNAL,717,0
Q3YBN2,SIGNAL,717,0
Q71DJ5,SIGNAL,717,0
P04925,SIGNAL,726,0
P10279,SIGNAL,726,0
P27177,SIGNAL,726,0
P05067,SIGNAL,732,0
P05790,SIGNAL,759,0
P07359,SIGNAL,797,0
P07479,SIGNAL,805,0
P31608,SIGNAL,805,0
P07897,SIGNAL,819,0
P16112,SIGNAL,819,0
P08236,SIGNAL,831,0
P08603,SIGNAL,841,0
Q28085,SIGNAL,841,0
Q95121,SIGNAL,843,0
P08818,SIGNAL,846,0
P10619,SIGNAL,846,0
Q8RUW5,SIGNAL,846,0
P41547,SIGNAL,855,0
P09237,SIGNAL,860,0
Q01490,SIGNAL,865,0
P0DPU3,SIGNAL,932,0
P0DUS2,SIGNAL,951,0
P0DUS3,SIGNAL,951,0
P0DUT4,SIGNAL,951,0
P0DUT3,SIGNAL,951,0
P0DUT0,SIGNAL,951,0
P10124,SIGNAL,966,0
P10745,SIGNAL,995,0
Q7SZI7,SIGNAL,995,0
Q8H6Q1,SIGNAL,1008,0
P12319,SIGNAL,1037,0
Q8T0Y7,SIGNAL,1063,0
P13385,SIGNAL,1068,0
P13504,SIGNAL,1075,0
Q01638,SIGNAL,1075,0
P13689,SIGNAL,1082,0
P33487,SIGNAL,1082,0
P29457,SIGNAL,1086,0
P19324,SIGNAL,1086,0
Q9SU40,SIGNAL,1094,0
P14213,SIGNAL,1099,0
P14214,SIGNAL,1099,0
P24052,SIGNAL,1103,0
P15247,SIGNAL,1129,0
P15478,SIGNAL,1140,0
Q42502,SIGNAL,1140,0
Q3YJT5,SIGNAL,1140,0
Q3YJT3,SIGNAL,1140,0
Q3YJS9,SIGNAL,1140,0
P15522,SIGNAL,1144,0
P81447,SIGNAL,1144,0
P80195,SIGNAL,1144,0
Q02596,SIGNAL,1144,0
P16612,SIGNAL,1147,0
P15703,SIGNAL,1149,0
Q5AMT2,SIGNAL,1149,0
P16235,SIGNAL,1160,0
P17813,SIGNAL,1189,0
P18181,SIGNAL,1194,0
P19594,SIGNAL,1232,0
P20774,SIGNAL,1271,0
P47853,SIGNAL,1271,0
P21128,SIGNAL,1277,0
P22301,SIGNAL,1302,0
P22864,SIGNAL,1315,0
Q01172,SIGNAL,1315,0
Q08879,SIGNAL,1325,0
P23472,SIGNAL,1331,0
P29060,SIGNAL,1331,0
Q53NL5,SIGNAL,1331,0
Q8L5C6,SIGNAL,1331,0
P24802,SIGNAL,1352,0
Q02809,SIGNAL,1352,0
P25236,SIGNAL,1362,0
P25404,SIGNAL,1367,0
P62520,SIGNAL,1367,0
P26010,SIGNAL,1372,0
P26011,SIGNAL,1372,0
P80747,SIGNAL,1372,0
P26780,SIGNAL,1383,0
P27919,SIGNAL,1397,0
P28335,SIGNAL,1405,0
P32358,SIGNAL,1471,0
Q8MMG9,SIGNAL,1471,0
Q27270,SIGNAL,1488,0
P35334,SIGNAL,1509,0
P58823,SIGNAL,1509,0
Q05091,SIGNAL,1509,0
P35355,SIGNAL,1510,0
P79208,SIGNAL,1510,0
P35441,SIGNAL,1511,0
Q05895,SIGNAL,1511,0
P35858,SIGNAL,1528,0
P35859,SIGNAL,1528,0
P38574,SIGNAL,1544,0
P84527,SIGNAL,1568,0
P85261,SIGNAL,1568,0
P43307,SIGNAL,1575,0
P43555,SIGNAL,1577,0
Q12396,SIGNAL,1577,0
P49256,SIGNAL,1615,0
P49257,SIGNAL,1616,0
P51654,SIGNAL,1632,0
P55320,SIGNAL,1660,0
P83636,SIGNAL,1660,0
P55847,SIGNAL,1660,0
P56201,SIGNAL,1667,0
P69770,SIGNAL,1738,0
P81492,SIGNAL,1738,0
P79073,SIGNAL,1743,0
P83234,SIGNAL,1829,0
P86929,SIGNAL,1880,0
Q00293,SIGNAL,1897,0
Q02083,SIGNAL,1915,0
Q03405,SIGNAL,1932,0
Q8N6Q3,SIGNAL,1932,0
Q07081,SIGNAL,1952,0
Q13145,SIGNAL,1986,0
Q15399,SIGNAL,2004,0
Q15762,SIGNAL,2007,0
Q16790,SIGNAL,2017,0
Q28989,SIGNAL,2060,0
Q2ULM2,SIGNAL,2078,0
Q56S59,SIGNAL,2149,0
Q5BGU9,SIGNAL,2156,0
Q5DW47,SIGNAL,2160,0
Q5NAT0,SIGNAL,2177,0
Q9C9H5,SIGNAL,2177,0
Q63180,SIGNAL,2209,0
Q8TC27,SIGNAL,2209,0
Q63376,SIGNAL,2214,0
Q64610,SIGNAL,2221,0
W8E7D1,SIGNAL,2221,0
Q6E0U4,SIGNAL,2228,0
Q6QD51,SIGNAL,2251,0
Q6UW10,SIGNAL,2264,0
Q6UXD5,SIGNAL,2289,0
Q70SU7,SIGNAL,2304,0
Q70SU8,SIGNAL,2304,0
Q7M3V1,SIGNAL,2322,0
Q7SCE9,SIGNAL,2328,0
Q86WA6,SIGNAL,2377,0
Q86YD3,SIGNAL,2380,0
Q8BPM6,SIGNAL,2391,0
Q8NBK3,SIGNAL,2457,0
Q8NBP7,SIGNAL,2460,0
Q8TDQ1,SIGNAL,2488,0
Q8WPJ2,SIGNAL,2499,0
Q8WWA0,SIGNAL,2503,0
Q92643,SIGNAL,2531,0
Q969H8,SIGNAL,2558,0
Q969Z4,SIGNAL,2562,0
Q99ML8,SIGNAL,2597,0
Q9BZM5,SIGNAL,2613,0
Q9H9K5,SIGNAL,2652,0
Q9N4D8,SIGNAL,2681,0
Q9NPG1,SIGNAL,2695,0
Q9NZV1,SIGNAL,2708,0
Q9R100,SIGNAL,2730,0
Q9U943,SIGNAL,2755,0
Q9UK23,SIGNAL,2768,0
Q9XYT4,SIGNAL,2791,0
Q9Y6C2,SIGNAL,2805,0
Q9ZT66,SIGNAL,2822,0
A0A1L6K371,SIGNAL,9,1
P07728,SIGNAL,9,1
P13744,SIGNAL,9,1
P07730,SIGNAL,9,1
P04405,SIGNAL,9,1
Q96318,SIGNAL,9,1
Q9ZWA9,SIGNAL,9,1
B8AL97,SIGNAL,9,1
P10975,SIGNAL,20,1
Q10ST8,SIGNAL,20,1
P13691,SIGNAL,20,1
P34951,SIGNAL,20,1
P82900,SIGNAL,26,1
A1BQQ5,SIGNAL,28,1
Q8JI40,SIGNAL,28,1
Q7ZZN9,SIGNAL,28,1
Q7ZT99,SIGNAL,28,1
Q8JI39,SIGNAL,28,1
Q7ZT98,SIGNAL,28,1
Q7ZTA0,SIGNAL,28,1
F8S0Y4,SIGNAL,28,1
Q60477,SIGNAL,28,1
P84805,SIGNAL,28,1
Q7T1K6,SIGNAL,28,1
Q7ZZN8,SIGNAL,28,1
Q8JGT9,SIGNAL,28,1
Q91055,SIGNAL,28,1
Q6UWM5,SIGNAL,28,1
P86870,SIGNAL,28,1
P35759,SIGNAL,28,1
P35778,SIGNAL,28,1
A2CKF6,SIGNAL,35,1
A2CKF7,SIGNAL,35,1
C1IC49,SIGNAL,35,1
P82935,SIGNAL,35,1
Q9YGI4,SIGNAL,35,1
P0C554,SIGNAL,35,1
P58370,SIGNAL,35,1
Q8QGR0,SIGNAL,35,1
Q9YGJ0,SIGNAL,35,1
P81783,SIGNAL,35,1
P15818,SIGNAL,35,1
P18328,SIGNAL,35,1
P25497,SIGNAL,35,1
P68416,SIGNAL,35,1
C6JUP2,SIGNAL,35,1
P01412,SIGNAL,35,1
Q7T3J2,SIGNAL,35,1
P60615,SIGNAL,35,1
P80958,SIGNAL,35,1
Q53B59,SIGNAL,35,1
P60616,SIGNAL,35,1
P60771,SIGNAL,35,1
F5CPD8,SIGNAL,35,1
P60770,SIGNAL,35,1
O42257,SIGNAL,35,1
Q9PTT0,SIGNAL,35,1
Q53B58,SIGNAL,35,1
P82662,SIGNAL,35,1
P01398,SIGNAL,35,1
F5CPE4,SIGNAL,35,1
P62375,SIGNAL,35,1
Q45Z11,SIGNAL,35,1
Q69CK0,SIGNAL,35,1
F5CPD5,SIGNAL,35,1
P01379,SIGNAL,35,1
P10459,SIGNAL,35,1
P0C553,SIGNAL,35,1
F5CPD6,SIGNAL,35,1
C1IC48,SIGNAL,35,1
K9MCH1,SIGNAL,35,1
C1IC47,SIGNAL,35,1
Q7T2I5,SIGNAL,35,1
P01384,SIGNAL,35,1
P0C552,SIGNAL,35,1
Q90VW1,SIGNAL,35,1
Q5UFR8,SIGNAL,35,1
P60775,SIGNAL,35,1
Q9W7J5,SIGNAL,35,1
B2BRQ5,SIGNAL,35,1
P0DKR6,SIGNAL,35,1
P10456,SIGNAL,35,1
Q9YGI0,SIGNAL,35,1
P60303,SIGNAL,35,1
P60301,SIGNAL,35,1
P60302,SIGNAL,35,1
C6JUP3,SIGNAL,35,1
Q53B47,SIGNAL,35,1
P10457,SIGNAL,35,1
P60304,SIGNAL,35,1
O73856,SIGNAL,35,1
Q53B52,SIGNAL,35,1
F5CPE3,SIGNAL,35,1
Q9PUB7,SIGNAL,35,1
Q9PRI1,SIGNAL,35,1
P01404,SIGNAL,35,1
F5CPE0,SIGNAL,35,1
F5CPD3,SIGNAL,35,1
P18329,SIGNAL,35,1
F5CPE2,SIGNAL,35,1
C6JUP1,SIGNAL,35,1
Q9PW19,SIGNAL,35,1
Q8JFX7,SIGNAL,35,1
U3FAE1,SIGNAL,35,1
P24336,SIGNAL,35,1
P0DPU8,SIGNAL,35,1
P86408,SIGNAL,35,1
Q10E50,SIGNAL,42,1
P42889,SIGNAL,42,1
P01179,SIGNAL,50,1
B0KZK1,SIGNAL,65,1
P00688,SIGNAL,65,1
P00687,SIGNAL,65,1
P00690,SIGNAL,65,1
B0XT72,SIGNAL,67,1
P22146,SIGNAL,67,1
B1P0S1,SIGNAL,69,1
P80686,SIGNAL,69,1
Q6UWN8,SIGNAL,73,1
P01001,SIGNAL,73,1
B2NHN2,SIGNAL,74,1
B3STN5,SIGNAL,79,1
B4FZ87,SIGNAL,81,1
H6U1I8,SIGNAL,81,1
P01315,SIGNAL,86,1
B8PYF3,SIGNAL,94,1
Q07154,SIGNAL,94,1
P58738,SIGNAL,94,1
P0C1Y5,SIGNAL,94,1
Q1ZYQ8,SIGNAL,94,1
Q41260,SIGNAL,94,1
P14946,SIGNAL,94,1
O48818,SIGNAL,94,1
Q06576,SIGNAL,94,1
B9A8D7,SIGNAL,95,1
Q30HU9,SIGNAL,95,1
Q9NJP7,SIGNAL,99,1
Q9U8D1,SIGNAL,99,1
Q9TVX3,SIGNAL,99,1
P11941,SIGNAL,103,1
C0HKG0,SIGNAL,105,1
G1CWH6,SIGNAL,105,1
G1CWH3,SIGNAL,105,1
G1CWH8,SIGNAL,105,1
G1CWH5,SIGNAL,105,1
P86841,SIGNAL,105,1
C0HKG1,SIGNAL,105,1
G1CWH1,SIGNAL,105,1
P62928,SIGNAL,105,1
Q5EPH2,SIGNAL,105,1
P67788,SIGNAL,108,1
P55319,SIGNAL,108,1
P18829,SIGNAL,108,1
P08379,SIGNAL,108,1
P35807,SIGNAL,108,1
D1MGU0,SIGNAL,119,1
Q8AV98,SIGNAL,119,1
C0STK7,SIGNAL,120,1
O93233,SIGNAL,120,1
P02750,SIGNAL,120,1
C4NZN9,SIGNAL,128,1
P86798,SIGNAL,128,1
P86797,SIGNAL,128,1
Q8I948,SIGNAL,128,1
Q6F4C6,SIGNAL,128,1
P33575,SIGNAL,128,1
P19957,SIGNAL,128,1
P18684,SIGNAL,128,1
C5P3X6,SIGNAL,130,1
Q3C258,SIGNAL,137,1
D7UQ40,SIGNAL,151,1
E0XKJ8,SIGNAL,154,1
P0DPV2,SIGNAL,154,1
P0DPU1,SIGNAL,154,1
P0DPU0,SIGNAL,154,1
P0DPU2,SIGNAL,154,1
P58294,SIGNAL,159,1
P0DQC1,SIGNAL,160,1
E9NX73,SIGNAL,163,1
Q2PS07,SIGNAL,163,1
Q6PSU2,SIGNAL,163,1
F1N5C8,SIGNAL,168,1
P84039,SIGNAL,168,1
Q6UWV6,SIGNAL,168,1
F2QXM5,SIGNAL,171,1
I1SB12,SIGNAL,201,1
Q6PW77,SIGNAL,201,1
O02853,SIGNAL,233,1
P41222,SIGNAL,233,1
P22057,SIGNAL,233,1
Q01584,SIGNAL,233,1
P80188,SIGNAL,233,1
O14791,SIGNAL,246,1
O15455,SIGNAL,249,1
O60602,SIGNAL,249,1
O18994,SIGNAL,252,1
O35314,SIGNAL,256,1
P05060,SIGNAL,256,1
P23389,SIGNAL,256,1
O42414,SIGNAL,261,1
P35331,SIGNAL,261,1
P32004,SIGNAL,261,1
P20241,SIGNAL,261,1
Q02246,SIGNAL,261,1
P22063,SIGNAL,261,1
O42720,SIGNAL,263,1
P16933,SIGNAL,263,1
P00652,SIGNAL,263,1
O46655,SIGNAL,263,1
O43291,SIGNAL,267,1
P48307,SIGNAL,267,1
O43653,SIGNAL,268,1
Q14210,SIGNAL,268,1
O62680,SIGNAL,268,1
P13987,SIGNAL,268,1
O77541,SIGNAL,268,1
O43852,SIGNAL,270,1
Q05186,SIGNAL,270,1
Q62703,SIGNAL,270,1
O46166,SIGNAL,273,1
O46167,SIGNAL,273,1
Q05538,SIGNAL,279,1
P04421,SIGNAL,286,1
O62605,SIGNAL,298,1
P04148,SIGNAL,298,1
O75462,SIGNAL,308,1
P13384,SIGNAL,308,1
O75711,SIGNAL,313,1
P0DPZ2,SIGNAL,313,1
P0DPV0,SIGNAL,313,1
P24807,SIGNAL,324,1
P48816,SIGNAL,330,1
O94907,SIGNAL,332,1
Q9UBT3,SIGNAL,332,1
O95968,SIGNAL,343,1
Q6XE38,SIGNAL,343,1
P02781,SIGNAL,343,1
P02782,SIGNAL,343,1
P11684,SIGNAL,343,1
P02779,SIGNAL,343,1
O96559,SIGNAL,347,1
P00450,SIGNAL,352,1
P00669,SIGNAL,367,1
P39873,SIGNAL,367,1
P00684,SIGNAL,367,1
P81649,SIGNAL,367,1
Q9H1E1,SIGNAL,367,1
P08904,SIGNAL,367,1
P11916,SIGNAL,367,1
P00719,SIGNAL,385,1
P00757,SIGNAL,394,1
P36368,SIGNAL,394,1
P07288,SIGNAL,394,1
P49862,SIGNAL,394,1
P07477,SIGNAL,394,1
P00760,SIGNAL,394,1
P07478,SIGNAL,394,1
P10144,SIGNAL,394,1
P47796,SIGNAL,394,1
P00772,SIGNAL,394,1
Q6UWY2,SIGNAL,394,1
P20160,SIGNAL,394,1
Q6UW56,SIGNAL,394,1
P00791,SIGNAL,398,1
P03954,SIGNAL,398,1
P0DJD9,SIGNAL,398,1
P0DJD7,SIGNAL,398,1
P0DJD8,SIGNAL,398,1
Q9N2D4,SIGNAL,398,1
P81497,SIGNAL,398,1
Q9N2D2,SIGNAL,398,1
P00794,SIGNAL,398,1
P14091,SIGNAL,398,1
Q805F3,SIGNAL,398,1
P04073,SIGNAL,398,1
Q800A0,SIGNAL,398,1
P25796,SIGNAL,398,1
Q9N2D3,SIGNAL,398,1
P20142,SIGNAL,398,1
P81498,SIGNAL,398,1
P06281,SIGNAL,398,1
P07267,SIGNAL,398,1
P00797,SIGNAL,398,1
P01023,SIGNAL,414,1
P28665,SIGNAL,414,1
Q63041,SIGNAL,414,1
P20740,SIGNAL,414,1
P01131,SIGNAL,431,1
P01165,SIGNAL,436,1
P05408,SIGNAL,436,1
P12961,SIGNAL,436,1
P01236,SIGNAL,463,1
P01238,SIGNAL,463,1
P12420,SIGNAL,463,1
P01239,SIGNAL,463,1
P01240,SIGNAL,463,1
P17572,SIGNAL,463,1
P01237,SIGNAL,463,1
P09586,SIGNAL,463,1
P34207,SIGNAL,463,1
P33579,SIGNAL,463,1
P69130,SIGNAL,463,1
P48096,SIGNAL,463,1
P09584,SIGNAL,463,1
P09319,SIGNAL,463,1
P09585,SIGNAL,463,1
P09318,SIGNAL,463,1
P21919,SIGNAL,464,1
P20362,SIGNAL,464,1
P08899,SIGNAL,465,1
P0DML3,SIGNAL,465,1
P0DML2,SIGNAL,465,1
P34745,SIGNAL,465,1
P10607,SIGNAL,465,1
P01567,SIGNAL,465,1
P12872,SIGNAL,482,1
Q9Y5Q6,SIGNAL,495,1
P26203,SIGNAL,498,1
P01347,SIGNAL,499,1
P04090,SIGNAL,499,1
P01348,SIGNAL,499,1
P22969,SIGNAL,499,1
Q9TRM8,SIGNAL,499,1
P51456,SIGNAL,499,1
P01562,SIGNAL,523,1
P01569,SIGNAL,523,1
P05013,SIGNAL,523,1
P01570,SIGNAL,523,1
P01568,SIGNAL,523,1
P05014,SIGNAL,523,1
P01563,SIGNAL,523,1
P01571,SIGNAL,523,1
P01566,SIGNAL,523,1
P32881,SIGNAL,523,1
P01572,SIGNAL,523,1
P56829,SIGNAL,523,1
Q9P0W0,SIGNAL,523,1
P01591,SIGNAL,534,1
P02647,SIGNAL,606,1
P02648,SIGNAL,606,1
P15497,SIGNAL,606,1
P04639,SIGNAL,606,1
P02652,SIGNAL,609,1
P80961,SIGNAL,609,1
P02654,SIGNAL,610,1
P18657,SIGNAL,610,1
P56595,SIGNAL,610,1
P18658,SIGNAL,611,1
P19034,SIGNAL,611,1
P55057,SIGNAL,611,1
Q6T6C1,SIGNAL,611,1
P02662,SIGNAL,614,1
P04653,SIGNAL,614,1
P18626,SIGNAL,614,1
P47710,SIGNAL,614,1
Q02862,SIGNAL,614,1
P02681,SIGNAL,624,1
P03998,SIGNAL,624,1
P02760,SIGNAL,651,1
P19425,SIGNAL,677,1
P04003,SIGNAL,693,1
Q60736,SIGNAL,693,1
P04062,SIGNAL,697,1
P04552,SIGNAL,715,1
P80284,SIGNAL,723,1
P27773,SIGNAL,723,1
P30101,SIGNAL,723,1
P38660,SIGNAL,723,1
Q15084,SIGNAL,723,1
P05117,SIGNAL,736,1
P26216,SIGNAL,736,1
P05164,SIGNAL,740,1
Q03383,SIGNAL,754,1
P81160,SIGNAL,758,1
P06756,SIGNAL,775,1
P80746,SIGNAL,775,1
P08648,SIGNAL,775,1
P08514,SIGNAL,775,1
P23229,SIGNAL,775,1
Q13683,SIGNAL,775,1
P13612,SIGNAL,775,1
Q61738,SIGNAL,775,1
P26006,SIGNAL,775,1
P06797,SIGNAL,776,1
P07154,SIGNAL,776,1
P15242,SIGNAL,776,1
Q26636,SIGNAL,776,1
P56202,SIGNAL,776,1
P08176,SIGNAL,776,1
Q94K85,SIGNAL,776,1
P07529,SIGNAL,807,1
Q2PGV8,SIGNAL,807,1
P23360,SIGNAL,807,1
P33559,SIGNAL,807,1
Q8NJ73,SIGNAL,807,1
P62694,SIGNAL,820,1
P83618,SIGNAL,825,1
P08253,SIGNAL,832,1
P33436,SIGNAL,832,1
Q90611,SIGNAL,832,1
P14780,SIGNAL,832,1
P08541,SIGNAL,840,1
P36511,SIGNAL,840,1
Q64550,SIGNAL,840,1
P83326,SIGNAL,861,1
P09619,SIGNAL,876,1
P17948,SIGNAL,876,1
P35916,SIGNAL,876,1
Q02763,SIGNAL,876,1
P0C1B3,SIGNAL,885,1
Q01117,SIGNAL,885,1
P0C8E8,SIGNAL,896,1
P0DMD3,SIGNAL,922,1
P0DUQ6,SIGNAL,950,1
P83869,SIGNAL,953,1
Q18184,SIGNAL,965,1
P42660,SIGNAL,988,1
P10761,SIGNAL,997,1
P42098,SIGNAL,997,1
P79762,SIGNAL,997,1
P10820,SIGNAL,1001,1
P11911,SIGNAL,1026,1
P11912,SIGNAL,1026,1
P40259,SIGNAL,1027,1
Q63345,SIGNAL,1027,1
Q61885,SIGNAL,1027,1
P55803,SIGNAL,1027,1
P12314,SIGNAL,1036,1
Q7L513,SIGNAL,1036,1
P12318,SIGNAL,1036,1
P14770,SIGNAL,1066,1
Q96AP7,SIGNAL,1077,1
P14217,SIGNAL,1101,1
Q39649,SIGNAL,1158,1
P16444,SIGNAL,1165,1
P31429,SIGNAL,1165,1
P22412,SIGNAL,1165,1
P16882,SIGNAL,1173,1
P18959,SIGNAL,1214,1
P34174,SIGNAL,1214,1
P20797,SIGNAL,1214,1
Q95VF0,SIGNAL,1214,1
Q95VE9,SIGNAL,1214,1
P31418,SIGNAL,1214,1
P34170,SIGNAL,1214,1
Q95VP2,SIGNAL,1214,1
P31419,SIGNAL,1214,1
P34171,SIGNAL,1214,1
P19137,SIGNAL,1222,1
Q60675,SIGNAL,1222,1
Q61789,SIGNAL,1222,1
Q61001,SIGNAL,1222,1
P19438,SIGNAL,1231,1
P20062,SIGNAL,1252,1
Q9XSC9,SIGNAL,1252,1
Q6UX39,SIGNAL,1257,1
P20827,SIGNAL,1274,1
Q8T0W2,SIGNAL,1289,1
P21828,SIGNAL,1295,1
Q26427,SIGNAL,1295,1
P23438,SIGNAL,1330,1
P23631,SIGNAL,1333,1
P25116,SIGNAL,1361,1
Q29422,SIGNAL,1365,1
P28039,SIGNAL,1398,1
P28770,SIGNAL,1409,1
P29241,SIGNAL,1422,1
Q10588,SIGNAL,1422,1
Q64277,SIGNAL,1422,1
P29459,SIGNAL,1427,1
P29460,SIGNAL,1428,1
P31420,SIGNAL,1458,1
P32803,SIGNAL,1476,1
Q5I0E7,SIGNAL,1476,1
P35052,SIGNAL,1505,1
P35053,SIGNAL,1505,1
Q9BZR6,SIGNAL,1505,1
P35775,SIGNAL,1524,1
P35777,SIGNAL,1524,1
P40967,SIGNAL,1551,1
Q9MYV1,SIGNAL,1556,1
P42579,SIGNAL,1565,1
P43497,SIGNAL,1576,1
P52753,SIGNAL,1576,1
P43626,SIGNAL,1578,1
Q61450,SIGNAL,1578,1
Q8N6C8,SIGNAL,1578,1
Q6Z232,SIGNAL,1582,1
P48765,SIGNAL,1607,1
P53366,SIGNAL,1644,1
Q99969,SIGNAL,1644,1
P53616,SIGNAL,1646,1
P53634,SIGNAL,1647,1
P80067,SIGNAL,1647,1
Q9GZM7,SIGNAL,1647,1
P57087,SIGNAL,1680,1
Q9JI59,SIGNAL,1680,1
Q9BX67,SIGNAL,1680,1
P58912,SIGNAL,1686,1
P59665,SIGNAL,1687,1
P60568,SIGNAL,1701,1
P79263,SIGNAL,1745,1
Q14624,SIGNAL,1745,1
P80109,SIGNAL,1753,1
Q95UE8,SIGNAL,1816,1
Q8GT41,SIGNAL,1831,1
P83632,SIGNAL,1839,1
Q8T113,SIGNAL,1839,1
P91745,SIGNAL,1883,1
P97710,SIGNAL,1890,1
Q00017,SIGNAL,1895,1
Q00657,SIGNAL,1898,1
Q01460,SIGNAL,1907,1
Q01528,SIGNAL,1909,1
Q40975,SIGNAL,1909,1
Q07310,SIGNAL,1956,1
Q63372,SIGNAL,1956,1
Q08481,SIGNAL,1963,1
Q13162,SIGNAL,1987,1
Q13651,SIGNAL,1993,1
Q17043,SIGNAL,2019,1
Q6IWZ0,SIGNAL,2019,1
Q27082,SIGNAL,2045,1
Q27967,SIGNAL,2053,1
Q28173,SIGNAL,2055,1
Q5ZPR3,SIGNAL,2055,1
Q9P121,SIGNAL,2055,1
Q62718,SIGNAL,2055,1
Q39688,SIGNAL,2094,1
Q3V1G4,SIGNAL,2101,1
Q8BHP7,SIGNAL,2101,1
Q4V4I9,SIGNAL,2133,1
Q5KSB7,SIGNAL,2175,1
Q7M419,SIGNAL,2175,1
Q60GF7,SIGNAL,2189,1
Q62813,SIGNAL,2203,1
Q9Z0J8,SIGNAL,2203,1
Q62867,SIGNAL,2205,1
Q63415,SIGNAL,2215,1
Q6UWI2,SIGNAL,2269,1
Q6X4U4,SIGNAL,2294,1
Q9BQB4,SIGNAL,2294,1
Q75WF2,SIGNAL,2309,1
Q76CA2,SIGNAL,2313,1
Q9QYH7,SIGNAL,2317,1
Q86LE5,SIGNAL,2369,1
Q86T13,SIGNAL,2376,1
Q8BSU2,SIGNAL,2392,1
Q8H8C7,SIGNAL,2400,1
Q8J0D2,SIGNAL,2413,1
Q96LA5,SIGNAL,2451,1
Q8N766,SIGNAL,2453,1
Q8NAC3,SIGNAL,2454,1
Q969J5,SIGNAL,2559,1
Q96HE7,SIGNAL,2569,1
Q9GQV7,SIGNAL,2638,1
Q9LRC8,SIGNAL,2667,1
Q9NJ98,SIGNAL,2688,1
Q9NL89,SIGNAL,2688,1
Q9NQ34,SIGNAL,2698,1
Q9P0V8,SIGNAL,2709,1
Q9R1T7,SIGNAL,2731,1
Q9UKY0,SIGNAL,2770,1
Q9UKZ9,SIGNAL,2771,1
Q9Y240,SIGNAL,2794,1
Q9Z0K8,SIGNAL,2816,1
Q9Z1K9,SIGNAL,2819,1
P01492,SIGNAL,1,2
A0A0R4I951,SIGNAL,7,2
I6RU32,SIGNAL,7,2
P0DPV3,SIGNAL,7,2
P14612,SIGNAL,7,2
P00995,SIGNAL,7,2
P49125,SIGNAL,7,2
A0A1S6EK91,SIGNAL,11,2
A0A1S6EK92,SIGNAL,11,2
Q5D231,SIGNAL,11,2
Q64HC7,SIGNAL,11,2
P01076,SIGNAL,11,2
G5EC68,SIGNAL,11,2
A0A2I4E5L6,SIGNAL,16,2
Q04672,SIGNAL,16,2
P10562,SIGNAL,16,2
P80463,SIGNAL,16,2
C0HL38,SIGNAL,18,2
Q8T0W3,SIGNAL,18,2
Q8T0W5,SIGNAL,18,2
P80245,SIGNAL,18,2
P09656,SIGNAL,18,2
P01443,SIGNAL,18,2
O73857,SIGNAL,18,2
P01442,SIGNAL,18,2
P09655,SIGNAL,18,2
Q8T0W0,SIGNAL,18,2
A0A2L0ART2,SIGNAL,21,2
P0DPT6,SIGNAL,21,2
P0DPV6,SIGNAL,21,2
P0DPV5,SIGNAL,21,2
P0DQB8,SIGNAL,21,2
P0DPU7,SIGNAL,21,2
Q86QT3,SIGNAL,21,2
P0DL37,SIGNAL,21,2
Q9NBG9,SIGNAL,21,2
A9XE60,SIGNAL,21,2
Q9NII7,SIGNAL,21,2
A1IKL2,SIGNAL,29,2
P12550,SIGNAL,29,2
A1X158,SIGNAL,30,2
A1X159,SIGNAL,30,2
A3RJ36,SIGNAL,39,2
P25068,SIGNAL,39,2
P46163,SIGNAL,39,2
P46165,SIGNAL,39,2
P46162,SIGNAL,39,2
P46169,SIGNAL,39,2
P46168,SIGNAL,39,2
P81534,SIGNAL,39,2
P80392,SIGNAL,39,2
P80391,SIGNAL,39,2
Q9PWF3,SIGNAL,39,2
P45696,SIGNAL,39,2
Q9UAD0,SIGNAL,39,2
P0C908,SIGNAL,39,2
P01477,SIGNAL,39,2
P24330,SIGNAL,39,2
Q6GU94,SIGNAL,39,2
A6XMY0,SIGNAL,44,2
P05623,SIGNAL,44,2
P15450,SIGNAL,44,2
I3LGZ3,SIGNAL,44,2
A7VN15,SIGNAL,49,2
P0C292,SIGNAL,49,2
P0C293,SIGNAL,49,2
P81418,SIGNAL,60,2
B0FHH8,SIGNAL,63,2
P49141,SIGNAL,63,2
Q8MMH0,SIGNAL,70,2
P55000,SIGNAL,70,2
B3EWG0,SIGNAL,76,2
P61855,SIGNAL,76,2
P19872,SIGNAL,76,2
Q17128,SIGNAL,76,2
C0HKR1,SIGNAL,76,2
P43306,SIGNAL,76,2
B3EWY1,SIGNAL,77,2
D3JXM1,SIGNAL,77,2
P13487,SIGNAL,77,2
C0HJQ8,SIGNAL,77,2
Q9NII6,SIGNAL,77,2
P45628,SIGNAL,77,2
P59938,SIGNAL,77,2
Q9BKB7,SIGNAL,77,2
Q867F4,SIGNAL,77,2
Q8I0L5,SIGNAL,77,2
Q5K0E0,SIGNAL,77,2
P84777,SIGNAL,77,2
Q9BJX2,SIGNAL,77,2
Q9BKB4,SIGNAL,77,2
Q95NK7,SIGNAL,77,2
Q7Z0H4,SIGNAL,77,2
P81761,SIGNAL,77,2
Q9U8D2,SIGNAL,77,2
P0CC12,SIGNAL,77,2
C0HJQ5,SIGNAL,77,2
Q95NJ8,SIGNAL,77,2
B3F051,SIGNAL,78,2
C0HJZ1,SIGNAL,78,2
C0HL83,SIGNAL,78,2
C0HL82,SIGNAL,78,2
P69241,SIGNAL,78,2
P30224,SIGNAL,78,2
B5LZ79,SIGNAL,78,2
P85213,SIGNAL,78,2
Q86SD9,SIGNAL,78,2
B7FDP2,SIGNAL,87,2
P45663,SIGNAL,87,2
P01493,SIGNAL,87,2
P15223,SIGNAL,87,2
P01491,SIGNAL,87,2
Q8WRY4,SIGNAL,87,2
Q26292,SIGNAL,87,2
P0C1X7,SIGNAL,87,2
Q9XY87,SIGNAL,87,2
C9X4K1,SIGNAL,87,2
Q9UAC8,SIGNAL,87,2
P19855,SIGNAL,87,2
P15228,SIGNAL,87,2
P60212,SIGNAL,87,2
Q95WX6,SIGNAL,87,2
P56611,SIGNAL,87,2
P60214,SIGNAL,87,2
P15226,SIGNAL,87,2
P0DMM8,SIGNAL,87,2
P86406,SIGNAL,87,2
P84693,SIGNAL,87,2
C9X4K4,SIGNAL,87,2
E7BLC7,SIGNAL,87,2
C9X4J8,SIGNAL,87,2
P56612,SIGNAL,87,2
Q9UAC9,SIGNAL,87,2
P60213,SIGNAL,87,2
P86403,SIGNAL,87,2
P60215,SIGNAL,87,2
C9X4J9,SIGNAL,87,2
Q2NME3,SIGNAL,87,2
P17728,SIGNAL,87,2
P45658,SIGNAL,87,2
Q9NBW2,SIGNAL,87,2
Q86SE0,SIGNAL,87,2
P01480,SIGNAL,87,2
P84810,SIGNAL,87,2
Q86SE1,SIGNAL,87,2
F1CGT6,SIGNAL,87,2
P01484,SIGNAL,87,2
P45697,SIGNAL,87,2
P01479,SIGNAL,87,2
Q7YXD3,SIGNAL,87,2
Q56TT9,SIGNAL,87,2
E7D082,SIGNAL,87,2
O61705,SIGNAL,87,2
P86405,SIGNAL,87,2
P86404,SIGNAL,87,2
Q4LCS9,SIGNAL,87,2
Q4LCT0,SIGNAL,87,2
Q4LCS8,SIGNAL,87,2
O61668,SIGNAL,87,2
P56637,SIGNAL,87,2
P84688,SIGNAL,87,2
P84685,SIGNAL,87,2
P84809,SIGNAL,87,2
C9X4K7,SIGNAL,89,2
Q5MJP5,SIGNAL,89,2
C0H9B6,SIGNAL,96,2
P25291,SIGNAL,96,2
C0HK27,SIGNAL,102,2
P02866,SIGNAL,102,2
Q39528,SIGNAL,102,2
Q39529,SIGNAL,102,2
P0DKL3,SIGNAL,102,2
Q70DJ5,SIGNAL,102,2
Q42372,SIGNAL,102,2
Q41159,SIGNAL,102,2
Q41162,SIGNAL,102,2
Q41161,SIGNAL,102,2
P16030,SIGNAL,102,2
P16404,SIGNAL,102,2
P02872,SIGNAL,102,2
P02870,SIGNAL,102,2
P19329,SIGNAL,102,2
P02873,SIGNAL,102,2
Q9GU69,SIGNAL,109,2
C0K3N1,SIGNAL,118,2
P67861,SIGNAL,118,2
P15691,SIGNAL,118,2
Q08127,SIGNAL,118,2
C5J887,SIGNAL,129,2
Q8MMJ7,SIGNAL,129,2
P81417,SIGNAL,129,2
P0DSJ6,SIGNAL,129,2
P83313,SIGNAL,129,2
Q963A9,SIGNAL,129,2
Q9Y0Y0,SIGNAL,129,2
P82290,SIGNAL,129,2
P82592,SIGNAL,129,2
P0DUJ5,SIGNAL,129,2
Q9Y0X9,SIGNAL,129,2
C7F6X3,SIGNAL,136,2
Q76CE8,SIGNAL,136,2
Q76CE6,SIGNAL,136,2
D3Z9M3,SIGNAL,149,2
D4A540,SIGNAL,150,2
P01168,SIGNAL,150,2
P60042,SIGNAL,150,2
Q16674,SIGNAL,150,2
F1RRV3,SIGNAL,170,2
G9M8X1,SIGNAL,199,2
I2C090,SIGNAL,202,2
P12387,SIGNAL,202,2
P01027,SIGNAL,202,2
P01024,SIGNAL,202,2
P31358,SIGNAL,209,2
P0DUS7,SIGNAL,209,2
Q9NRR1,SIGNAL,210,2
O00175,SIGNAL,222,2
P80098,SIGNAL,222,2
P16619,SIGNAL,222,2
Q99616,SIGNAL,222,2
P10147,SIGNAL,222,2
P13500,SIGNAL,222,2
Q9UBD3,SIGNAL,222,2
P55774,SIGNAL,222,2
Q9Y258,SIGNAL,222,2
O00585,SIGNAL,222,2
P10855,SIGNAL,222,2
Q16627,SIGNAL,222,2
P50229,SIGNAL,222,2
P82943,SIGNAL,222,2
P22362,SIGNAL,222,2
O00626,SIGNAL,222,2
P55773,SIGNAL,222,2
Q16663,SIGNAL,222,2
P22952,SIGNAL,222,2
O00300,SIGNAL,224,2
P80370,SIGNAL,224,2
O15467,SIGNAL,226,2
Q07325,SIGNAL,226,2
P19874,SIGNAL,226,2
P16860,SIGNAL,226,2
P02703,SIGNAL,226,2
O11780,SIGNAL,239,2
Q15582,SIGNAL,239,2
O14412,SIGNAL,241,2
Q76BW5,SIGNAL,241,2
Q41638,SIGNAL,241,2
Q6YDN9,SIGNAL,241,2
O14798,SIGNAL,247,2
O22317,SIGNAL,254,2
P15737,SIGNAL,254,2
Q02126,SIGNAL,254,2
O43866,SIGNAL,271,2
O46162,SIGNAL,272,2
P80060,SIGNAL,272,2
P01034,SIGNAL,276,2
Q5D710,SIGNAL,276,2
O48540,SIGNAL,278,2
Q8L5J1,SIGNAL,278,2
Q5B833,SIGNAL,278,2
Q4WBS1,SIGNAL,278,2
O54861,SIGNAL,282,2
O55232,SIGNAL,284,2
P06306,SIGNAL,284,2
Q9HC23,SIGNAL,284,2
O77801,SIGNAL,284,2
O64411,SIGNAL,303,2
P02746,SIGNAL,304,2
Q16270,SIGNAL,304,2
Q9BXI9,SIGNAL,304,2
O95715,SIGNAL,337,2
P50228,SIGNAL,337,2
P02775,SIGNAL,337,2
O95750,SIGNAL,338,2
Q9NSA1,SIGNAL,338,2
Q9GZV9,SIGNAL,338,2
P21781,SIGNAL,338,2
P16225,SIGNAL,338,2
O95866,SIGNAL,340,2
Q99217,SIGNAL,340,2
P49763,SIGNAL,340,2
O95881,SIGNAL,341,2
O95994,SIGNAL,341,2
P00655,SIGNAL,366,2
P67876,SIGNAL,366,2
P67875,SIGNAL,366,2
Q9JJS8,SIGNAL,387,2
P09871,SIGNAL,387,2
P15156,SIGNAL,387,2
Q8K0D2,SIGNAL,387,2
P00750,SIGNAL,387,2
Q14520,SIGNAL,390,2
P00749,SIGNAL,391,2
Q9VB68,SIGNAL,391,2
P01005,SIGNAL,408,2
P05560,SIGNAL,408,2
P01083,SIGNAL,428,2
P01088,SIGNAL,428,2
P28041,SIGNAL,428,2
P16850,SIGNAL,428,2
P16159,SIGNAL,428,2
P17314,SIGNAL,428,2
P32760,SIGNAL,428,2
P04651,SIGNAL,428,2
Q9SJY7,SIGNAL,430,2
P01161,SIGNAL,435,2
P24259,SIGNAL,435,2
P07634,SIGNAL,435,2
P13204,SIGNAL,435,2
P13205,SIGNAL,435,2
Q8MI35,SIGNAL,435,2
P01189,SIGNAL,447,2
P01241,SIGNAL,466,2
P33093,SIGNAL,466,2
P67930,SIGNAL,466,2
P01242,SIGNAL,466,2
P01246,SIGNAL,466,2
P01245,SIGNAL,466,2
Q95VP3,SIGNAL,469,2
P01274,SIGNAL,476,2
P29794,SIGNAL,476,2
P01297,SIGNAL,478,2
P01299,SIGNAL,479,2
P68248,SIGNAL,479,2
P07808,SIGNAL,479,2
Q9PW68,SIGNAL,479,2
P14765,SIGNAL,479,2
P10631,SIGNAL,479,2
P01303,SIGNAL,479,2
P10082,SIGNAL,479,2
Q27441,SIGNAL,479,2
P81264,SIGNAL,479,2
P19035,SIGNAL,479,2
P30438,SIGNAL,479,2
Q8MP00,SIGNAL,479,2
P01364,SIGNAL,479,2
Q8I7X1,SIGNAL,491,2
P01344,SIGNAL,497,2
P01346,SIGNAL,497,2
P10764,SIGNAL,497,2
P07456,SIGNAL,497,2
P13224,SIGNAL,497,2
P01499,SIGNAL,518,2
P01500,SIGNAL,518,2
Q8T0W8,SIGNAL,518,2
P0DUS8,SIGNAL,519,2
P0DUT1,SIGNAL,519,2
P01588,SIGNAL,533,2
P81605,SIGNAL,550,2
P11069,SIGNAL,600,2
Q20224,SIGNAL,600,2
P02649,SIGNAL,608,2
P18650,SIGNAL,608,2
P18649,SIGNAL,608,2
P06727,SIGNAL,608,2
P18659,SIGNAL,612,2
P02668,SIGNAL,617,2
P02670,SIGNAL,617,2
P02669,SIGNAL,617,2
P82187,SIGNAL,617,2
P02672,SIGNAL,621,2
P02675,SIGNAL,622,2
Q9Y5C1,SIGNAL,622,2
P02741,SIGNAL,635,2
P02742,SIGNAL,635,2
P02743,SIGNAL,635,2
Q07203,SIGNAL,635,2
Q9PTT2,SIGNAL,635,2
P06207,SIGNAL,635,2
P06205,SIGNAL,635,2
P06206,SIGNAL,635,2
Q3Y5Z3,SIGNAL,638,2
Q15848,SIGNAL,638,2
Q06575,SIGNAL,638,2
Q6UW01,SIGNAL,638,2
P14630,SIGNAL,646,2
P02754,SIGNAL,647,2
P02755,SIGNAL,647,2
P04119,SIGNAL,647,2
P02758,SIGNAL,647,2
P07380,SIGNAL,647,2
P09466,SIGNAL,647,2
P31025,SIGNAL,647,2
P35578,SIGNAL,647,2
P26894,SIGNAL,661,2
Q4WZ11,SIGNAL,664,2
P30440,SIGNAL,664,2
P02790,SIGNAL,673,2
P20058,SIGNAL,673,2
P20059,SIGNAL,673,2
P50828,SIGNAL,673,2
P04004,SIGNAL,694,2
P22458,SIGNAL,694,2
P29788,SIGNAL,694,2
P48819,SIGNAL,694,2
P19835,SIGNAL,696,2
P04196,SIGNAL,704,2
P04217,SIGNAL,705,2
Q2KJF1,SIGNAL,705,2
P21754,SIGNAL,705,2
P08299,SIGNAL,710,2
P04844,SIGNAL,724,2
P09464,SIGNAL,733,2
Q5ECE3,SIGNAL,733,2
P05160,SIGNAL,739,2
P05371,SIGNAL,748,2
P10909,SIGNAL,748,2
P17697,SIGNAL,748,2
P05533,SIGNAL,752,2
Q86Y78,SIGNAL,752,2
P05555,SIGNAL,756,2
P11215,SIGNAL,756,2
P20702,SIGNAL,756,2
P24063,SIGNAL,756,2
P38570,SIGNAL,756,2
P17301,SIGNAL,756,2
P06215,SIGNAL,766,2
P21226,SIGNAL,766,2
P93680,SIGNAL,766,2
P86473,SIGNAL,766,2
P24091,SIGNAL,766,2
Q9FRV1,SIGNAL,766,2
Q9FRV0,SIGNAL,766,2
P11218,SIGNAL,766,2
P07982,SIGNAL,766,2
P07141,SIGNAL,788,2
P09603,SIGNAL,788,2
P23142,SIGNAL,791,2
P07994,SIGNAL,822,2
P08887,SIGNAL,850,2
Q64385,SIGNAL,850,2
Q8N126,SIGNAL,850,2
P0C8E7,SIGNAL,895,2
P0CB51,SIGNAL,902,2
P0DL40,SIGNAL,921,2
P35248,SIGNAL,972,2
Q99935,SIGNAL,972,2
P10762,SIGNAL,998,2
P11279,SIGNAL,1017,2
P11438,SIGNAL,1017,2
P14562,SIGNAL,1017,2
P13473,SIGNAL,1017,2
P17046,SIGNAL,1017,2
P11654,SIGNAL,1022,2
Q96PL1,SIGNAL,1023,2
P12273,SIGNAL,1035,2
Q90W22,SIGNAL,1058,2
P13598,SIGNAL,1076,2
P13611,SIGNAL,1078,2
P13671,SIGNAL,1080,2
P13806,SIGNAL,1088,2
P14925,SIGNAL,1116,2
P16144,SIGNAL,1157,2
P16636,SIGNAL,1169,2
P21814,SIGNAL,1183,2
Q96IQ7,SIGNAL,1185,2
P18632,SIGNAL,1201,2
P81294,SIGNAL,1201,2
Q9LLT1,SIGNAL,1201,2
P19427,SIGNAL,1230,2
Q02747,SIGNAL,1245,2
P20333,SIGNAL,1260,2
P20462,SIGNAL,1263,2
P22894,SIGNAL,1316,2
P28053,SIGNAL,1316,2
P45452,SIGNAL,1316,2
Q6UXG3,SIGNAL,1334,2
P24021,SIGNAL,1337,2
Q9C9G4,SIGNAL,1337,2
P24821,SIGNAL,1355,2
P26202,SIGNAL,1374,2
P28825,SIGNAL,1413,2
P28906,SIGNAL,1414,2
Q28270,SIGNAL,1414,2
P31809,SIGNAL,1467,2
Q8N441,SIGNAL,1467,2
P33557,SIGNAL,1485,2
W0HJ53,SIGNAL,1485,2
Q2PGY1,SIGNAL,1485,2
P33577,SIGNAL,1487,2
Q8SXL2,SIGNAL,1487,2
Q9TT95,SIGNAL,1487,2
P33681,SIGNAL,1491,2
P36897,SIGNAL,1534,2
P37173,SIGNAL,1534,2
P40199,SIGNAL,1549,2
Q14002,SIGNAL,1549,2
Q61400,SIGNAL,1549,2
P42256,SIGNAL,1561,2
Q9HB40,SIGNAL,1566,2
P43174,SIGNAL,1573,2
Q01129,SIGNAL,1600,2
P48842,SIGNAL,1610,2
P52706,SIGNAL,1641,2
Q3L1D1,SIGNAL,1641,2
P55145,SIGNAL,1657,2
P80513,SIGNAL,1657,2
Q8MMH5,SIGNAL,1659,2
P56722,SIGNAL,1676,2
P58154,SIGNAL,1681,2
Q6ASY2,SIGNAL,1771,2
P81999,SIGNAL,1809,2
P82977,SIGNAL,1828,2
P83472,SIGNAL,1828,2
P85196,SIGNAL,1859,2
P85197,SIGNAL,1859,2
P93484,SIGNAL,1884,2
P98066,SIGNAL,1892,2
Q00802,SIGNAL,1899,2
Q09131,SIGNAL,1970,2
Q949Y3,SIGNAL,1970,2
Q12546,SIGNAL,1983,2
Q13421,SIGNAL,1989,2
Q9NRC9,SIGNAL,2016,2
Q28862,SIGNAL,2059,2
Q29381,SIGNAL,2062,2
Q2U4L7,SIGNAL,2077,2
Q3L245,SIGNAL,2098,2
V5NC32,SIGNAL,2098,2
Q4WL81,SIGNAL,2138,2
Q5FWE3,SIGNAL,2164,2
Q5JNJ5,SIGNAL,2171,2
Q60557,SIGNAL,2184,2
Q63191,SIGNAL,2210,2
Q63617,SIGNAL,2216,2
Q9ZT16,SIGNAL,2226,2
Q6UW32,SIGNAL,2266,2
Q6UXB1,SIGNAL,2266,2
Q6UWI4,SIGNAL,2270,2
Q6UWY5,SIGNAL,2281,2
Q99972,SIGNAL,2281,2
Q8LG54,SIGNAL,2299,2
Q7TQN3,SIGNAL,2340,2
Q868Z9,SIGNAL,2368,2
Q86SC0,SIGNAL,2372,2
Q86YL7,SIGNAL,2381,2
Q86YT9,SIGNAL,2382,2
Q875I9,SIGNAL,2383,2
Q8C1Q4,SIGNAL,2393,2
Q8HYA9,SIGNAL,2402,2
Q8IUH8,SIGNAL,2411,2
Q8TCT7,SIGNAL,2411,2
Q8TCT8,SIGNAL,2411,2
Q8N4F0,SIGNAL,2450,2
Q8NBI3,SIGNAL,2455,2
Q8WUJ3,SIGNAL,2502,2
Q8X150,SIGNAL,2506,2
Q924B5,SIGNAL,2528,2
Q9JMI7,SIGNAL,2528,2
Q92563,SIGNAL,2529,2
Q96BY9,SIGNAL,2565,2
Q9H293,SIGNAL,2574,2
Q96TU3,SIGNAL,2580,2
Q99MA2,SIGNAL,2595,2
Q9BWV1,SIGNAL,2603,2
Q9BX93,SIGNAL,2607,2
Q9HBE5,SIGNAL,2614,2
Q9DF69,SIGNAL,2625,2
Q9ERQ6,SIGNAL,2625,2
Q9ES58,SIGNAL,2629,2
Q9NR61,SIGNAL,2699,2
Q9P246,SIGNAL,2712,2
Q9SLP4,SIGNAL,2735,2
Q9UBP4,SIGNAL,2762,2
Q9V496,SIGNAL,2775,2
Q9Y251,SIGNAL,2795,2
Q9Z0L3,SIGNAL,2817,2
A0A0F7YYX3,SIGNAL,5,3
A0A161AT60,SIGNAL,8,3
A0AT29,SIGNAL,8,3
A0AT32,SIGNAL,8,3
A0A2J6KL39,SIGNAL,8,3
P10976,SIGNAL,8,3
Q9ATH2,SIGNAL,8,3
P19656,SIGNAL,8,3
Q0IQK9,SIGNAL,8,3
Q43767,SIGNAL,8,3
P07597,SIGNAL,8,3
Q43871,SIGNAL,8,3
Q9XFS7,SIGNAL,8,3
Q9SW93,SIGNAL,8,3
E6Y8S8,SIGNAL,8,3
P82007,SIGNAL,8,3
P85204,SIGNAL,8,3
O04004,SIGNAL,8,3
A0A1W6EVM7,SIGNAL,13,3
A0A1W6EVN2,SIGNAL,13,3
P0C194,SIGNAL,13,3
A0A1W6EVN4,SIGNAL,15,3
P0DUS4,SIGNAL,15,3
P0DUT5,SIGNAL,15,3
P01175,SIGNAL,27,3
P01177,SIGNAL,27,3
A5HAK0,SIGNAL,41,3
P10152,SIGNAL,41,3
P15467,SIGNAL,41,3
P15468,SIGNAL,41,3
P21570,SIGNAL,41,3
P03950,SIGNAL,41,3
P34096,SIGNAL,41,3
P07998,SIGNAL,41,3
P00683,SIGNAL,41,3
P10153,SIGNAL,41,3
P12724,SIGNAL,41,3
P01224,SIGNAL,53,3
A9UGV5,SIGNAL,59,3
A9UGV7,SIGNAL,59,3
A9UGV6,SIGNAL,59,3
Q9STQ3,SIGNAL,59,3
Q9LVC0,SIGNAL,59,3
Q9LYF6,SIGNAL,59,3
Q9LJD9,SIGNAL,59,3
Q9C8A4,SIGNAL,59,3
Q8LD43,SIGNAL,59,3
Q5PP12,SIGNAL,59,3
Q8S2W4,SIGNAL,59,3
Q9M373,SIGNAL,59,3
Q9FK16,SIGNAL,59,3
Q8L9T8,SIGNAL,59,3
O82337,SIGNAL,59,3
P04002,SIGNAL,59,3
Q99013,SIGNAL,59,3
Q867W1,SIGNAL,59,3
B0JFB8,SIGNAL,64,3
Q9NBW4,SIGNAL,64,3
P97430,SIGNAL,64,3
Q28631,SIGNAL,64,3
P82103,SIGNAL,64,3
B3A003,SIGNAL,75,3
P83673,SIGNAL,75,3
C0HL62,SIGNAL,110,3
C0HL63,SIGNAL,110,3
C0HL65,SIGNAL,110,3
C0HL64,SIGNAL,110,3
Q01774,SIGNAL,110,3
Q7JZV0,SIGNAL,110,3
P82384,SIGNAL,110,3
P45590,SIGNAL,110,3
F1AWB0,SIGNAL,110,3
P02656,SIGNAL,110,3
C6JUN9,SIGNAL,131,3
Q6QX33,SIGNAL,131,3
P83519,SIGNAL,131,3
P05451,SIGNAL,131,3
Q9IAM1,SIGNAL,131,3
P10758,SIGNAL,131,3
Q8JIW1,SIGNAL,131,3
Q9YGN5,SIGNAL,131,3
O93427,SIGNAL,131,3
P23807,SIGNAL,131,3
Q56EB0,SIGNAL,131,3
Q7T2Q1,SIGNAL,131,3
Q9YI92,SIGNAL,131,3
Q9I840,SIGNAL,131,3
Q9DEA1,SIGNAL,131,3
Q6X5T3,SIGNAL,131,3
Q4PRD1,SIGNAL,131,3
I7ICN3,SIGNAL,131,3
Q7T2Q0,SIGNAL,131,3
Q7T045,SIGNAL,131,3
Q9YGN4,SIGNAL,131,3
Q38L02,SIGNAL,131,3
Q02988,SIGNAL,131,3
D1MGU1,SIGNAL,131,3
Q9BYZ8,SIGNAL,131,3
Q56EB1,SIGNAL,131,3
Q5FZI5,SIGNAL,131,3
P25031,SIGNAL,131,3
Q5FZI6,SIGNAL,131,3
E2DQZ5,SIGNAL,131,3
P23806,SIGNAL,131,3
Q90WJ8,SIGNAL,131,3
E2DQZ6,SIGNAL,131,3
W5XCJ6,SIGNAL,131,3
O93426,SIGNAL,131,3
P07439,SIGNAL,131,3
Q8JGT6,SIGNAL,131,3
Q8JGT7,SIGNAL,131,3
Q8WPD0,SIGNAL,131,3
Q4PRD2,SIGNAL,131,3
Q6TPH0,SIGNAL,131,3
Q9DEA2,SIGNAL,131,3
O09049,SIGNAL,131,3
Q696W1,SIGNAL,131,3
Q6UW15,SIGNAL,131,3
I7JUQ0,SIGNAL,131,3
W5XDM0,SIGNAL,131,3
Q8AV97,SIGNAL,131,3
O46168,SIGNAL,133,3
P83403,SIGNAL,165,3
P08376,SIGNAL,165,3
P08375,SIGNAL,165,3
L7VIN3,SIGNAL,165,3
F1NSM7,SIGNAL,169,3
F7J1C8,SIGNAL,180,3
Q41350,SIGNAL,183,3
P00773,SIGNAL,183,3
P0DUS6,SIGNAL,196,3
Q6UWK7,SIGNAL,204,3
P02814,SIGNAL,204,3
P80325,SIGNAL,204,3
Q8T9R8,SIGNAL,215,3
P81941,SIGNAL,215,3
Q90ZY0,SIGNAL,215,3
L8BRS3,SIGNAL,216,3
Q6ZBZ2,SIGNAL,216,3
Q9S8P4,SIGNAL,216,3
Q6YZY5,SIGNAL,216,3
Q94EG3,SIGNAL,216,3
Q942A7,SIGNAL,216,3
O60844,SIGNAL,216,3
M1MR49,SIGNAL,217,3
O08523,SIGNAL,235,3
Q9YH85,SIGNAL,235,3
O09165,SIGNAL,238,3
P19633,SIGNAL,238,3
P07221,SIGNAL,238,3
P31231,SIGNAL,238,3
P19204,SIGNAL,238,3
P12637,SIGNAL,238,3
P31235,SIGNAL,238,3
P51868,SIGNAL,238,3
P14211,SIGNAL,238,3
P18418,SIGNAL,238,3
P05307,SIGNAL,238,3
P04785,SIGNAL,238,3
P07237,SIGNAL,238,3
P09102,SIGNAL,238,3
O13547,SIGNAL,240,3
P27654,SIGNAL,240,3
P28319,SIGNAL,240,3
P47178,SIGNAL,240,3
O14763,SIGNAL,243,3
Q9UBN6,SIGNAL,243,3
O18330,SIGNAL,251,3
O77061,SIGNAL,251,3
Q17060,SIGNAL,251,3
O18998,SIGNAL,253,3
P24855,SIGNAL,253,3
P11936,SIGNAL,253,3
P00639,SIGNAL,253,3
O42446,SIGNAL,253,3
O42807,SIGNAL,264,3
P61870,SIGNAL,264,3
P02679,SIGNAL,269,3
P12799,SIGNAL,269,3
P10720,SIGNAL,283,3
P10282,SIGNAL,285,3
Q7Z1K3,SIGNAL,287,3
O60565,SIGNAL,291,3
P41271,SIGNAL,291,3
O60609,SIGNAL,293,3
O62644,SIGNAL,299,3
O64392,SIGNAL,301,3
O64393,SIGNAL,301,3
P31110,SIGNAL,301,3
O76537,SIGNAL,316,3
Q9XTN0,SIGNAL,316,3
Q765P3,SIGNAL,316,3
Q765P4,SIGNAL,316,3
Q9VYX7,SIGNAL,316,3
Q9GK12,SIGNAL,316,3
O88188,SIGNAL,325,3
O95711,SIGNAL,325,3
O88917,SIGNAL,326,3
O94985,SIGNAL,333,3
P86407,SIGNAL,346,3
O97939,SIGNAL,350,3
P00433,SIGNAL,351,3
P84516,SIGNAL,351,3
Q9XIV8,SIGNAL,351,3
Q4W1I8,SIGNAL,351,3
Q4W1I9,SIGNAL,351,3
P01302,SIGNAL,356,3
P16851,SIGNAL,356,3
P61823,SIGNAL,356,3
P00635,SIGNAL,362,3
P34754,SIGNAL,362,3
P12069,SIGNAL,373,3
P61629,SIGNAL,373,3
P61626,SIGNAL,373,3
P67977,SIGNAL,373,3
P12068,SIGNAL,373,3
P00705,SIGNAL,373,3
P00702,SIGNAL,373,3
P00701,SIGNAL,373,3
P00698,SIGNAL,373,3
P00703,SIGNAL,373,3
P18137,SIGNAL,373,3
Q7YT16,SIGNAL,373,3
P00716,SIGNAL,373,3
P00713,SIGNAL,373,3
P00714,SIGNAL,373,3
P00738,SIGNAL,388,3
P19007,SIGNAL,388,3
Q9XXV0,SIGNAL,388,3
Q2VG86,SIGNAL,388,3
Q966V2,SIGNAL,388,3
Q27083,SIGNAL,388,3
P00747,SIGNAL,389,3
P06867,SIGNAL,389,3
P06868,SIGNAL,389,3
P14210,SIGNAL,389,3
P00748,SIGNAL,389,3
Q04756,SIGNAL,389,3
P98140,SIGNAL,389,3
P00751,SIGNAL,393,3
P06681,SIGNAL,393,3
P20155,SIGNAL,405,3
Q5DT21,SIGNAL,405,3
P37109,SIGNAL,405,3
P26461,SIGNAL,405,3
P01008,SIGNAL,409,3
P41361,SIGNAL,409,3
Q27085,SIGNAL,409,3
P05545,SIGNAL,409,3
Q9TTE1,SIGNAL,409,3
Q90935,SIGNAL,409,3
P01011,SIGNAL,409,3
Q7TMF5,SIGNAL,409,3
P22323,SIGNAL,409,3
Q27086,SIGNAL,409,3
P07759,SIGNAL,409,3
P38029,SIGNAL,409,3
P22325,SIGNAL,409,3
P13909,SIGNAL,409,3
P49182,SIGNAL,409,3
P23035,SIGNAL,409,3
P01009,SIGNAL,409,3
Q94823,SIGNAL,409,3
Q9N2I2,SIGNAL,409,3
P12725,SIGNAL,409,3
P05546,SIGNAL,409,3
P07093,SIGNAL,409,3
P17475,SIGNAL,409,3
P08185,SIGNAL,409,3
P05154,SIGNAL,409,3
Q03044,SIGNAL,409,3
P05543,SIGNAL,409,3
Q61247,SIGNAL,409,3
P31211,SIGNAL,409,3
P28800,SIGNAL,409,3
P08697,SIGNAL,409,3
P01015,SIGNAL,412,3
P20757,SIGNAL,412,3
P01019,SIGNAL,412,3
P01033,SIGNAL,417,3
P30120,SIGNAL,417,3
P30121,SIGNAL,417,3
P16035,SIGNAL,417,3
P35625,SIGNAL,417,3
P26652,SIGNAL,417,3
P16368,SIGNAL,417,3
Q9VH14,SIGNAL,417,3
Q9H4G1,SIGNAL,420,3
P01070,SIGNAL,426,3
P10822,SIGNAL,426,3
Q41015,SIGNAL,426,3
P13087,SIGNAL,426,3
P29421,SIGNAL,426,3
P07596,SIGNAL,426,3
P01148,SIGNAL,434,3
P37042,SIGNAL,434,3
P51918,SIGNAL,434,3
P51925,SIGNAL,434,3
P01185,SIGNAL,440,3
P01295,SIGNAL,477,3
P63153,SIGNAL,477,3
P08989,SIGNAL,477,3
P29007,SIGNAL,477,3
P01313,SIGNAL,483,3
P12706,SIGNAL,483,3
P04667,SIGNAL,483,3
P81025,SIGNAL,483,3
P01342,SIGNAL,483,3
P26730,SIGNAL,483,3
P26729,SIGNAL,483,3
Q14641,SIGNAL,483,3
P81058,SIGNAL,488,3
P01579,SIGNAL,532,3
P01782,SIGNAL,537,3
P01824,SIGNAL,537,3
P01814,SIGNAL,537,3
P21611,SIGNAL,537,3
P02655,SIGNAL,537,3
P01742,SIGNAL,543,3
P23083,SIGNAL,543,3
P01766,SIGNAL,543,3
P01831,SIGNAL,547,3
P02221,SIGNAL,597,3
P02222,SIGNAL,597,3
P02226,SIGNAL,597,3
P02223,SIGNAL,597,3
P02224,SIGNAL,597,3
P12549,SIGNAL,597,3
P84298,SIGNAL,597,3
P12548,SIGNAL,597,3
P02229,SIGNAL,597,3
P84296,SIGNAL,597,3
P02230,SIGNAL,597,3
P02462,SIGNAL,604,3
Q07092,SIGNAL,604,3
P02466,SIGNAL,604,3
P02663,SIGNAL,615,3
P02666,SIGNAL,616,3
P39037,SIGNAL,616,3
Q9GKK3,SIGNAL,616,3
P05814,SIGNAL,616,3
P45561,SIGNAL,616,3
P02724,SIGNAL,631,3
P02727,SIGNAL,631,3
P02739,SIGNAL,633,3
P19708,SIGNAL,633,3
P19707,SIGNAL,633,3
P35541,SIGNAL,633,3
P0DJI8,SIGNAL,633,3
P0DJI9,SIGNAL,633,3
P05366,SIGNAL,633,3
P05367,SIGNAL,633,3
P31532,SIGNAL,633,3
Q9NTU7,SIGNAL,639,3
P02748,SIGNAL,641,3
P48747,SIGNAL,641,3
P17690,SIGNAL,642,3
P36980,SIGNAL,642,3
P02808,SIGNAL,674,3
P02809,SIGNAL,674,3
P15515,SIGNAL,674,3
P15516,SIGNAL,674,3
P02877,SIGNAL,684,3
Q96DR8,SIGNAL,692,3
P0DKU2,SIGNAL,695,3
P04180,SIGNAL,703,3
Q8NCC3,SIGNAL,703,3
Q8WMP9,SIGNAL,703,3
P04275,SIGNAL,706,3
P04706,SIGNAL,722,3
Q9C5S0,SIGNAL,722,3
Q2A783,SIGNAL,722,3
P05113,SIGNAL,735,3
P05231,SIGNAL,743,3
P08505,SIGNAL,743,3
Q9GZX6,SIGNAL,743,3
P05305,SIGNAL,744,3
P22388,SIGNAL,744,3
P06865,SIGNAL,780,3
P43077,SIGNAL,780,3
P07507,SIGNAL,806,3
Q800Y2,SIGNAL,806,3
P07602,SIGNAL,810,3
P07727,SIGNAL,814,3
P23044,SIGNAL,821,3
P08125,SIGNAL,828,3
Q95JC9,SIGNAL,828,3
Q99372,SIGNAL,828,3
P0DUS5,SIGNAL,836,3
P09989,SIGNAL,883,3
P24478,SIGNAL,883,3
P33185,SIGNAL,883,3
P16094,SIGNAL,883,3
P24817,SIGNAL,883,3
P56626,SIGNAL,883,3
P98184,SIGNAL,883,3
Q5F0I3,SIGNAL,883,3
Q6EH50,SIGNAL,883,3
P30659,SIGNAL,892,3
P0C8G7,SIGNAL,898,3
Q9HGE1,SIGNAL,898,3
P0CS93,SIGNAL,905,3
P0CX77,SIGNAL,906,3
P0CX78,SIGNAL,906,3
P0CX79,SIGNAL,906,3
P0CZ17,SIGNAL,906,3
P0DPV1,SIGNAL,936,3
P0DUS9,SIGNAL,956,3
Q9U8X3,SIGNAL,956,3
P10493,SIGNAL,984,3
Q14112,SIGNAL,984,3
P10522,SIGNAL,985,3
Q6UWV2,SIGNAL,985,3
P54900,SIGNAL,985,3
P11717,SIGNAL,1024,3
P11919,SIGNAL,1029,3
P12024,SIGNAL,1032,3
P13686,SIGNAL,1081,3
P29288,SIGNAL,1081,3
P13725,SIGNAL,1084,3
P14209,SIGNAL,1096,3
P14661,SIGNAL,1112,3
P14944,SIGNAL,1117,3
Q25589,SIGNAL,1117,3
Q25588,SIGNAL,1117,3
Q25154,SIGNAL,1117,3
P51688,SIGNAL,1132,3
P15309,SIGNAL,1133,3
P15941,SIGNAL,1152,3
P16382,SIGNAL,1163,3
P17050,SIGNAL,1177,3
Q42656,SIGNAL,1177,3
Q9FXT4,SIGNAL,1177,3
P28351,SIGNAL,1177,3
P18709,SIGNAL,1208,3
P18761,SIGNAL,1209,3
P18915,SIGNAL,1209,3
P22748,SIGNAL,1209,3
Q84UV8,SIGNAL,1209,3
Q75N35,SIGNAL,1209,3
P24258,SIGNAL,1209,3
P19136,SIGNAL,1221,3
Q02567,SIGNAL,1221,3
P78733,SIGNAL,1221,3
Q70LM3,SIGNAL,1221,3
P20013,SIGNAL,1221,3
P19400,SIGNAL,1228,3
Q8N0W4,SIGNAL,1239,3
P20334,SIGNAL,1261,3
P20507,SIGNAL,1266,3
P20933,SIGNAL,1275,3
P30919,SIGNAL,1275,3
Q9GSA4,SIGNAL,1281,3
Q92154,SIGNAL,1310,3
P23284,SIGNAL,1327,3
P80311,SIGNAL,1327,3
P52013,SIGNAL,1327,3
P23515,SIGNAL,1332,3
P25033,SIGNAL,1359,3
Q1HLC0,SIGNAL,1359,3
P35495,SIGNAL,1382,3
P29392,SIGNAL,1382,3
P35496,SIGNAL,1382,3
P27613,SIGNAL,1391,3
P29064,SIGNAL,1421,3
Q9C0Y4,SIGNAL,1421,3
P56526,SIGNAL,1421,3
Q653V7,SIGNAL,1421,3
Q9S7Y7,SIGNAL,1421,3
Q8H6Q0,SIGNAL,1437,3
Q8GTM0,SIGNAL,1437,3
Q8MLZ7,SIGNAL,1444,3
P31836,SIGNAL,1468,3
P32472,SIGNAL,1472,3
Q41649,SIGNAL,1472,3
P32478,SIGNAL,1473,3
Q03178,SIGNAL,1473,3
Q03180,SIGNAL,1473,3
P32802,SIGNAL,1475,3
P33767,SIGNAL,1492,3
P35555,SIGNAL,1518,3
P42254,SIGNAL,1559,3
Q8NK90,SIGNAL,1559,3
Q96X54,SIGNAL,1559,3
U6A629,SIGNAL,1559,3
P42264,SIGNAL,1562,3
P47001,SIGNAL,1596,3
Q07558,SIGNAL,1612,3
P49755,SIGNAL,1619,3
P54837,SIGNAL,1619,3
P54803,SIGNAL,1650,3
P55203,SIGNAL,1658,3
P56513,SIGNAL,1669,3
Q14802,SIGNAL,1669,3
P60153,SIGNAL,1691,3
Q9UBU3,SIGNAL,1707,3
Q9GZZ8,SIGNAL,1800,3
Q9UVI4,SIGNAL,1832,3
P85966,SIGNAL,1861,3
Q00870,SIGNAL,1901,3
Q03472,SIGNAL,1933,3
Q08738,SIGNAL,1964,3
Q12127,SIGNAL,1981,3
Q13007,SIGNAL,1985,3
Q9NYY1,SIGNAL,1985,3
Q9UHD0,SIGNAL,1985,3
Q13433,SIGNAL,1990,3
Q13445,SIGNAL,1991,3
Q15465,SIGNAL,2005,3
Q16552,SIGNAL,2011,3
Q96PD4,SIGNAL,2011,3
Q17058,SIGNAL,2020,3
Q6UXH1,SIGNAL,2024,3
Q25255,SIGNAL,2024,3
Q5GQ85,SIGNAL,2026,3
Q27908,SIGNAL,2052,3
Q9NL38,SIGNAL,2052,3
Q59XX2,SIGNAL,2152,3
Q61508,SIGNAL,2194,3
Q62894,SIGNAL,2194,3
Q62598,SIGNAL,2200,3
Q9NL39,SIGNAL,2233,3
Q9UAH3,SIGNAL,2233,3
Q6RG02,SIGNAL,2253,3
Q6UWL6,SIGNAL,2273,3
Q6UX52,SIGNAL,2285,3
Q6UXB8,SIGNAL,2288,3
Q76FP5,SIGNAL,2316,3
Q7M4T0,SIGNAL,2326,3
Q8J0I9,SIGNAL,2326,3
Q7SZN0,SIGNAL,2330,3
Q7YZS9,SIGNAL,2343,3
Q9U3Z3,SIGNAL,2343,3
Q84V39,SIGNAL,2364,3
Q9Y653,SIGNAL,2378,3
Q8WP90,SIGNAL,2395,3
Q8MMH3,SIGNAL,2439,3
Q8NC67,SIGNAL,2461,3
Q8NI17,SIGNAL,2464,3
Q8VCS0,SIGNAL,2493,3
Q96PD5,SIGNAL,2493,3
Q8WML4,SIGNAL,2495,3
Q91XZ2,SIGNAL,2524,3
Q91XZ4,SIGNAL,2524,3
Q9UN67,SIGNAL,2524,3
Q9Y5H9,SIGNAL,2524,3
Q94637,SIGNAL,2535,3
Q969N2,SIGNAL,2560,3
Q96FE7,SIGNAL,2568,3
Q96S96,SIGNAL,2579,3
Q99538,SIGNAL,2589,3
Q9BX59,SIGNAL,2604,3
Q9BXJ3,SIGNAL,2608,3
Q9BZW8,SIGNAL,2615,3
Q9D6Y1,SIGNAL,2622,3
Q9H3T3,SIGNAL,2649,3
Q9NPR2,SIGNAL,2649,3
Q9LXD6,SIGNAL,2669,3
Q9TW98,SIGNAL,2691,3
Q9NS68,SIGNAL,2702,3
Q9P2K2,SIGNAL,2713,3
Q9SUQ8,SIGNAL,2740,3
Q9UHF4,SIGNAL,2766,3
Q9VG55,SIGNAL,2778,3
Q9VMD9,SIGNAL,2780,3
Q9Y279,SIGNAL,2797,3
W1I921,SIGNAL,2829,3
A0A023W140,SIGNAL,0,4
A0A023W145,SIGNAL,0,4
P82102,SIGNAL,0,4
P19959,SIGNAL,0,4
B7SNV8,SIGNAL,0,4
A0A0D1DWQ2,SIGNAL,4,4
A0A0F7YZQ7,SIGNAL,6,4
P82358,SIGNAL,6,4
P49921,SIGNAL,6,4
P51919,SIGNAL,6,4
P30348,SIGNAL,6,4
A0A1S3PBB7,SIGNAL,10,4
P01048,SIGNAL,10,4
P27275,SIGNAL,12,4
Q5I2B2,SIGNAL,12,4
Q25055,SIGNAL,12,4
Q4TUA4,SIGNAL,12,4
P0C1X6,SIGNAL,14,4
A0A5C2A2T2,SIGNAL,23,4
A0A7E5WUT2,SIGNAL,25,4
Q9VA83,SIGNAL,25,4
A2AEP0,SIGNAL,33,4
Q9D3H2,SIGNAL,33,4
P09465,SIGNAL,33,4
F0UZ12,SIGNAL,33,4
Q99MG7,SIGNAL,33,4
P83508,SIGNAL,33,4
P08937,SIGNAL,33,4
Q9QXU1,SIGNAL,33,4
P02761,SIGNAL,33,4
Q09022,SIGNAL,36,4
Q3UN54,SIGNAL,36,4
Q09098,SIGNAL,36,4
P13389,SIGNAL,40,4
A8CL69,SIGNAL,55,4
O76818,SIGNAL,55,4
Q9YGP1,SIGNAL,55,4
A8Y7P1,SIGNAL,58,4
P00991,SIGNAL,58,4
P00992,SIGNAL,58,4
I2G9B4,SIGNAL,58,4
Q6T6S5,SIGNAL,58,4
B7S4N9,SIGNAL,58,4
Q6T6T5,SIGNAL,58,4
Q90WA1,SIGNAL,58,4
P82966,SIGNAL,58,4
C1IC50,SIGNAL,58,4
B6RLX2,SIGNAL,58,4
C1IC53,SIGNAL,58,4
C1IC52,SIGNAL,58,4
Q90WA0,SIGNAL,58,4
B2KTG1,SIGNAL,58,4
P00987,SIGNAL,58,4
P00989,SIGNAL,58,4
Q7T2Q6,SIGNAL,58,4
G9I929,SIGNAL,58,4
B1B5I8,SIGNAL,58,4
B2G331,SIGNAL,58,4
P0DMJ5,SIGNAL,58,4
P0C1X2,SIGNAL,58,4
Q8T0W4,SIGNAL,58,4
Q29143,SIGNAL,58,4
Q589G4,SIGNAL,58,4
P60266,SIGNAL,58,4
P59899,SIGNAL,58,4
P45662,SIGNAL,58,4
P18926,SIGNAL,58,4
P01494,SIGNAL,58,4
Q5G8A6,SIGNAL,62,4
Q0GY40,SIGNAL,62,4
P56972,SIGNAL,62,4
C7G3K3,SIGNAL,62,4
P30230,SIGNAL,62,4
C0HJM9,SIGNAL,62,4
P81511,SIGNAL,68,4
I6S390,SIGNAL,68,4
B2KNH9,SIGNAL,72,4
P83886,SIGNAL,72,4
Q6F495,SIGNAL,72,4
P19667,SIGNAL,72,4
P01538,SIGNAL,88,4
P83400,SIGNAL,98,4
C0HKM3,SIGNAL,107,4
P86100,SIGNAL,107,4
P86875,SIGNAL,107,4
E0XKJ9,SIGNAL,107,4
C0HLA0,SIGNAL,116,4
Q1XG90,SIGNAL,117,4
P81828,SIGNAL,132,4
C9K4X8,SIGNAL,138,4
P80090,SIGNAL,138,4
P51460,SIGNAL,138,4
P12707,SIGNAL,138,4
P26732,SIGNAL,138,4
Q8JFQ0,SIGNAL,138,4
Q8JFE6,SIGNAL,138,4
Q4V645,SIGNAL,138,4
Q5W280,SIGNAL,138,4
Q9PW66,SIGNAL,138,4
Q965E2,SIGNAL,144,4
D3GDK4,SIGNAL,147,4
P81370,SIGNAL,147,4
P10968,SIGNAL,147,4
P02876,SIGNAL,147,4
E0D877,SIGNAL,152,4
P21589,SIGNAL,152,4
Q05927,SIGNAL,152,4
P21588,SIGNAL,152,4
P25331,SIGNAL,177,4
G5ED35,SIGNAL,193,4
I6S7G5,SIGNAL,208,4
K9IMD0,SIGNAL,213,4
P02788,SIGNAL,213,4
P24627,SIGNAL,213,4
P14632,SIGNAL,213,4
P19134,SIGNAL,213,4
P02787,SIGNAL,213,4
P12346,SIGNAL,213,4
P02789,SIGNAL,213,4
P80429,SIGNAL,213,4
P80426,SIGNAL,213,4
P31226,SIGNAL,213,4
Q02942,SIGNAL,213,4
P22297,SIGNAL,213,4
Q26643,SIGNAL,213,4
O00092,SIGNAL,219,4
P34752,SIGNAL,219,4
O00100,SIGNAL,219,4
O00105,SIGNAL,221,4
O00602,SIGNAL,227,4
O70165,SIGNAL,227,4
Q7ZT75,SIGNAL,227,4
O75636,SIGNAL,227,4
Q9U8W7,SIGNAL,227,4
O43827,SIGNAL,227,4
P55083,SIGNAL,227,4
Q9U8W8,SIGNAL,227,4
Q08830,SIGNAL,227,4
P31722,SIGNAL,227,4
P11226,SIGNAL,227,4
P02747,SIGNAL,227,4
P02745,SIGNAL,227,4
P06908,SIGNAL,227,4
P31720,SIGNAL,227,4
P23805,SIGNAL,227,4
Q5U9S1,SIGNAL,227,4
Q60994,SIGNAL,227,4
Q92583,SIGNAL,228,4
O89093,SIGNAL,228,4
P42830,SIGNAL,228,4
P10889,SIGNAL,228,4
P97884,SIGNAL,228,4
O55038,SIGNAL,228,4
P02776,SIGNAL,228,4
O00748,SIGNAL,229,4
Q8BK48,SIGNAL,229,4
Q04791,SIGNAL,229,4
P16303,SIGNAL,229,4
Q8VCT4,SIGNAL,229,4
P23141,SIGNAL,229,4
P10959,SIGNAL,229,4
P12337,SIGNAL,229,4
Q63010,SIGNAL,229,4
Q8I034,SIGNAL,229,4
P04058,SIGNAL,229,4
P07692,SIGNAL,229,4
P06276,SIGNAL,229,4
P35501,SIGNAL,229,4
P35502,SIGNAL,229,4
Q04457,SIGNAL,229,4
P22394,SIGNAL,229,4
P12992,SIGNAL,229,4
P32947,SIGNAL,229,4
O02380,SIGNAL,230,4
P80384,SIGNAL,230,4
Q00855,SIGNAL,230,4
P49278,SIGNAL,230,4
O97763,SIGNAL,230,4
P61917,SIGNAL,230,4
P61916,SIGNAL,230,4
O02826,SIGNAL,231,4
O02839,SIGNAL,232,4
P15529,SIGNAL,232,4
P02749,SIGNAL,232,4
O08795,SIGNAL,236,4
P05452,SIGNAL,237,4
P13727,SIGNAL,237,4
O14625,SIGNAL,242,4
P02778,SIGNAL,242,4
Q10746,SIGNAL,242,4
P19876,SIGNAL,242,4
P80221,SIGNAL,242,4
P80162,SIGNAL,242,4
O14773,SIGNAL,244,4
O14786,SIGNAL,245,4
P48740,SIGNAL,245,4
P00736,SIGNAL,245,4
O15197,SIGNAL,248,4
P54762,SIGNAL,248,4
P35590,SIGNAL,248,4
P22455,SIGNAL,248,4
P78556,SIGNAL,250,4
Q9Y4X3,SIGNAL,250,4
P10145,SIGNAL,250,4
P14095,SIGNAL,250,4
P09341,SIGNAL,250,4
O35310,SIGNAL,255,4
O35806,SIGNAL,259,4
O43278,SIGNAL,266,4
O60449,SIGNAL,290,4
Q60767,SIGNAL,290,4
P49259,SIGNAL,290,4
O60931,SIGNAL,295,4
P27274,SIGNAL,300,4
O75556,SIGNAL,309,4
P02780,SIGNAL,309,4
O75629,SIGNAL,311,4
Q05443,SIGNAL,328,4
O95157,SIGNAL,334,4
O95967,SIGNAL,342,4
Q9WVJ9,SIGNAL,342,4
P00533,SIGNAL,353,4
P06213,SIGNAL,353,4
P08069,SIGNAL,353,4
P00709,SIGNAL,354,4
Q9TSN6,SIGNAL,354,4
P01543,SIGNAL,357,4
P01545,SIGNAL,357,4
P00651,SIGNAL,364,4
P0DQE1,SIGNAL,404,4
Q9UK55,SIGNAL,410,4
P22922,SIGNAL,410,4
P05155,SIGNAL,410,4
P01068,SIGNAL,425,4
P01086,SIGNAL,429,4
P11643,SIGNAL,429,4
P32936,SIGNAL,429,4
P01180,SIGNAL,429,4
P01183,SIGNAL,429,4
P01139,SIGNAL,433,4
Q26377,SIGNAL,438,4
P01222,SIGNAL,452,4
P01223,SIGNAL,452,4
P37240,SIGNAL,452,4
P01225,SIGNAL,452,4
P01226,SIGNAL,452,4
P01228,SIGNAL,452,4
P10256,SIGNAL,452,4
P01227,SIGNAL,452,4
P01229,SIGNAL,452,4
P01235,SIGNAL,452,4
P53543,SIGNAL,452,4
P01231,SIGNAL,452,4
Q6IY74,SIGNAL,452,4
P01232,SIGNAL,452,4
P0DN86,SIGNAL,452,4
P10257,SIGNAL,452,4
P01268,SIGNAL,473,4
P01269,SIGNAL,473,4
P01270,SIGNAL,473,4
P01307,SIGNAL,473,4
P25289,SIGNAL,485,4
P01593,SIGNAL,535,4
P01594,SIGNAL,535,4
P01597,SIGNAL,535,4
P01602,SIGNAL,535,4
P01611,SIGNAL,535,4
P01599,SIGNAL,535,4
P04430,SIGNAL,535,4
P01624,SIGNAL,535,4
P01619,SIGNAL,535,4
P06312,SIGNAL,535,4
P01639,SIGNAL,535,4
P01615,SIGNAL,535,4
P01614,SIGNAL,535,4
P01633,SIGNAL,535,4
P01661,SIGNAL,535,4
P01658,SIGNAL,535,4
P01634,SIGNAL,535,4
P01709,SIGNAL,535,4
P01706,SIGNAL,535,4
P01704,SIGNAL,535,4
P01721,SIGNAL,535,4
P01699,SIGNAL,535,4
P01703,SIGNAL,535,4
P01701,SIGNAL,535,4
P01705,SIGNAL,535,4
P01700,SIGNAL,535,4
P01714,SIGNAL,535,4
P01715,SIGNAL,535,4
P01718,SIGNAL,535,4
P80748,SIGNAL,535,4
P01724,SIGNAL,535,4
P01729,SIGNAL,535,4
P01763,SIGNAL,535,4
P01768,SIGNAL,535,4
P01772,SIGNAL,535,4
P01767,SIGNAL,535,4
P01743,SIGNAL,535,4
P01762,SIGNAL,535,4
P01764,SIGNAL,535,4
P01780,SIGNAL,535,4
P01825,SIGNAL,535,4
P01817,SIGNAL,535,4
P01795,SIGNAL,535,4
P01822,SIGNAL,535,4
P01887,SIGNAL,535,4
P01833,SIGNAL,585,4
P01889,SIGNAL,588,4
P04439,SIGNAL,588,4
P01899,SIGNAL,588,4
P01900,SIGNAL,588,4
P01902,SIGNAL,588,4
P01901,SIGNAL,588,4
Q95460,SIGNAL,588,4
P25311,SIGNAL,588,4
P13599,SIGNAL,588,4
P55899,SIGNAL,588,4
Q9Y624,SIGNAL,588,4
P01903,SIGNAL,593,4
P01909,SIGNAL,593,4
P11839,SIGNAL,593,4
P01911,SIGNAL,595,4
Q30154,SIGNAL,595,4
P02671,SIGNAL,620,4
P06399,SIGNAL,620,4
P14448,SIGNAL,620,4
P02701,SIGNAL,625,4
P02702,SIGNAL,626,4
P02752,SIGNAL,626,4
P02708,SIGNAL,628,4
P09479,SIGNAL,628,4
P02710,SIGNAL,628,4
P02712,SIGNAL,628,4
P22770,SIGNAL,628,4
P02751,SIGNAL,644,4
P04937,SIGNAL,644,4
P86009,SIGNAL,645,4
P02763,SIGNAL,653,4
P02784,SIGNAL,669,4
P04557,SIGNAL,669,4
P80964,SIGNAL,669,4
P04284,SIGNAL,669,4
P29022,SIGNAL,683,4
P02879,SIGNAL,685,4
P82683,SIGNAL,685,4
P81446,SIGNAL,685,4
Q9M6E9,SIGNAL,685,4
P33183,SIGNAL,685,4
Q41358,SIGNAL,685,4
Q9M653,SIGNAL,685,4
P93543,SIGNAL,685,4
P04155,SIGNAL,702,4
Q07654,SIGNAL,702,4
P10163,SIGNAL,709,4
P83371,SIGNAL,709,4
P05059,SIGNAL,730,4
P10645,SIGNAL,730,4
P10354,SIGNAL,730,4
P05186,SIGNAL,741,4
Q29486,SIGNAL,741,4
P09487,SIGNAL,741,4
P08289,SIGNAL,741,4
P09923,SIGNAL,741,4
P15693,SIGNAL,741,4
P19111,SIGNAL,741,4
P05187,SIGNAL,741,4
P51740,SIGNAL,741,4
P29523,SIGNAL,741,4
P06028,SIGNAL,761,4
P06857,SIGNAL,777,4
P27657,SIGNAL,777,4
P54318,SIGNAL,777,4
Q64424,SIGNAL,777,4
P11151,SIGNAL,777,4
P11150,SIGNAL,777,4
P06858,SIGNAL,777,4
P97535,SIGNAL,777,4
P07214,SIGNAL,792,4
P16975,SIGNAL,792,4
P13213,SIGNAL,792,4
P09486,SIGNAL,792,4
P20112,SIGNAL,792,4
Q62632,SIGNAL,792,4
P07457,SIGNAL,801,4
P07712,SIGNAL,813,4
Q8JFY4,SIGNAL,813,4
Q96QR1,SIGNAL,813,4
P08001,SIGNAL,824,4
Q27081,SIGNAL,824,4
P08721,SIGNAL,844,4
P31096,SIGNAL,844,4
P08833,SIGNAL,847,4
P21743,SIGNAL,847,4
P21744,SIGNAL,847,4
P22692,SIGNAL,847,4
P24854,SIGNAL,847,4
P15473,SIGNAL,847,4
P17936,SIGNAL,847,4
P20959,SIGNAL,847,4
P35572,SIGNAL,847,4
P26842,SIGNAL,847,4
P08842,SIGNAL,848,4
P15589,SIGNAL,848,4
P15289,SIGNAL,848,4
P09056,SIGNAL,856,4
P15018,SIGNAL,856,4
P09230,SIGNAL,859,4
P09470,SIGNAL,868,4
P12822,SIGNAL,868,4
P12821,SIGNAL,868,4
P12820,SIGNAL,868,4
P0C8G6,SIGNAL,897,4
P0DPU9,SIGNAL,935,4
Q8UUG0,SIGNAL,949,4
Q8UUG2,SIGNAL,949,4
P10297,SIGNAL,978,4
Q40772,SIGNAL,978,4
P20656,SIGNAL,978,4
P27559,SIGNAL,978,4
P24476,SIGNAL,978,4
P21326,SIGNAL,978,4
P10669,SIGNAL,991,4
P19883,SIGNAL,991,4
P31515,SIGNAL,991,4
Q12841,SIGNAL,991,4
Q99944,SIGNAL,991,4
P10673,SIGNAL,992,4
P20068,SIGNAL,992,4
P10675,SIGNAL,993,4
P11021,SIGNAL,1010,4
P20029,SIGNAL,1010,4
Q7M413,SIGNAL,1011,4
Q8IU26,SIGNAL,1031,4
P48745,SIGNAL,1057,4
P13432,SIGNAL,1070,4
P13917,SIGNAL,1090,4
Q8RVH5,SIGNAL,1090,4
Q9FSH9,SIGNAL,1090,4
Q42369,SIGNAL,1090,4
Q1HAY7,SIGNAL,1095,4
P27797,SIGNAL,1098,4
P15253,SIGNAL,1098,4
P28491,SIGNAL,1098,4
P52193,SIGNAL,1098,4
Q9SLY8,SIGNAL,1098,4
P14384,SIGNAL,1102,4
P15169,SIGNAL,1102,4
P14625,SIGNAL,1109,4
P15261,SIGNAL,1131,4
Q8T0W1,SIGNAL,1134,4
P17164,SIGNAL,1178,4
P17213,SIGNAL,1179,4
P18428,SIGNAL,1179,4
P17454,SIGNAL,1179,4
P18417,SIGNAL,1197,4
Q7Z0T3,SIGNAL,1207,4
P19320,SIGNAL,1225,4
P19801,SIGNAL,1238,4
P20826,SIGNAL,1273,4
P21581,SIGNAL,1273,4
P21246,SIGNAL,1279,4
P63090,SIGNAL,1279,4
P21782,SIGNAL,1279,4
P21741,SIGNAL,1279,4
P21956,SIGNAL,1297,4
P22327,SIGNAL,1305,4
Q6IV20,SIGNAL,1349,4
P28088,SIGNAL,1401,4
P28316,SIGNAL,1402,4
P28797,SIGNAL,1410,4
P28798,SIGNAL,1410,4
P29026,SIGNAL,1417,4
P29027,SIGNAL,1417,4
P29029,SIGNAL,1417,4
P30040,SIGNAL,1433,4
P81623,SIGNAL,1433,4
P30988,SIGNAL,1446,4
Q16602,SIGNAL,1446,4
P34998,SIGNAL,1446,4
P31723,SIGNAL,1465,4
Q86Y34,SIGNAL,1504,4
P37889,SIGNAL,1540,4
P41543,SIGNAL,1555,4
P42255,SIGNAL,1560,4
U6BLZ9,SIGNAL,1560,4
P42292,SIGNAL,1563,4
P42705,SIGNAL,1567,4
P43121,SIGNAL,1572,4
P50895,SIGNAL,1572,4
P45478,SIGNAL,1581,4
Q8NBL1,SIGNAL,1581,4
P48439,SIGNAL,1603,4
P49767,SIGNAL,1621,4
Q7Z5A7,SIGNAL,1624,4
P52823,SIGNAL,1643,4
P55058,SIGNAL,1655,4
Q01151,SIGNAL,1663,4
Q15768,SIGNAL,1665,4
Q8BHN3,SIGNAL,1670,4
P78581,SIGNAL,1741,4
Q8WZI8,SIGNAL,1741,4
P80915,SIGNAL,1775,4
P83880,SIGNAL,1775,4
P81054,SIGNAL,1782,4
Q8ISL8,SIGNAL,1835,4
P86872,SIGNAL,1878,4
Q01965,SIGNAL,1914,4
Q02795,SIGNAL,1923,4
Q05359,SIGNAL,1940,4
Q05928,SIGNAL,1945,4
Q06703,SIGNAL,1950,4
Q6DWK3,SIGNAL,1950,4
Q08334,SIGNAL,1961,4
Q6UXL0,SIGNAL,1961,4
Q08380,SIGNAL,1962,4
Q09117,SIGNAL,1969,4
Q09140,SIGNAL,1971,4
Q9JLA3,SIGNAL,1971,4
Q09332,SIGNAL,1971,4
Q0P569,SIGNAL,1975,4
Q10NX8,SIGNAL,1979,4
Q13478,SIGNAL,1992,4
Q9H7M9,SIGNAL,2008,4
Q96BF3,SIGNAL,2008,4
Q16927,SIGNAL,2018,4
Q27309,SIGNAL,2018,4
Q29W25,SIGNAL,2067,4
Q39962,SIGNAL,2095,4
Q55U20,SIGNAL,2146,4
Q59Y31,SIGNAL,2153,4
Q63373,SIGNAL,2213,4
Q6IUU3,SIGNAL,2244,4
Q6UWJ8,SIGNAL,2271,4
Q6UWN5,SIGNAL,2276,4
Q9NPF0,SIGNAL,2276,4
Q6UXK5,SIGNAL,2292,4
Q7Z5L0,SIGNAL,2348,4
Q8I817,SIGNAL,2406,4
Q8IFJ8,SIGNAL,2408,4
Q95P08,SIGNAL,2408,4
Q8MP06,SIGNAL,2443,4
Q8N474,SIGNAL,2449,4
Q96HF1,SIGNAL,2449,4
Q92765,SIGNAL,2449,4
Q8NBJ9,SIGNAL,2456,4
Q8NHP8,SIGNAL,2463,4
Q9GL30,SIGNAL,2463,4
Q8TAL6,SIGNAL,2484,4
Q90WJ7,SIGNAL,2516,4
Q90WJ9,SIGNAL,2516,4
Q969P0,SIGNAL,2561,4
Q96DU3,SIGNAL,2567,4
Q9UIB8,SIGNAL,2567,4
Q9NQ25,SIGNAL,2567,4
Q99519,SIGNAL,2588,4
Q9BX74,SIGNAL,2606,4
Q9BXJ7,SIGNAL,2611,4
Q9H1M4,SIGNAL,2647,4
Q9M069,SIGNAL,2671,4
Q9NPA0,SIGNAL,2693,4
Q9NZ53,SIGNAL,2707,4
Q9PVW8,SIGNAL,2720,4
Q9U572,SIGNAL,2749,4
Q9UNE0,SIGNAL,2773,4
Q9Y2I2,SIGNAL,2798,4
O22870,Thylakoid,5,0
Q9SCY2,Thylakoid,5,0
Q0WRJ7,Thylakoid,5,0
Q9LYR5,Thylakoid,5,0
Q9S720,Thylakoid,5,0
Q9ASS6,Thylakoid,24,0
Q9LU86,Thylakoid,24,0
Q9LM71,Thylakoid,25,0
Q9SEL7,Thylakoid,35,0
F4KHG6,Thylakoid,0,1
O23614,Thylakoid,0,1
O04073,Thylakoid,0,1
P11490,Thylakoid,11,1
P42699,Thylakoid,11,1
Q41387,Thylakoid,11,1
P82658,Thylakoid,16,1
Q9LR64,Thylakoid,26,1
Q9ZVL6,Thylakoid,41,1
O22160,Thylakoid,2,2
P81760,Thylakoid,2,2
O23403,Thylakoid,6,2
P82538,Thylakoid,6,2
Q42029,Thylakoid,6,2
P82281,Thylakoid,14,2
Q9LVV5,Thylakoid,29,2
Q9XFT3,Thylakoid,40,2
O22609,Thylakoid,3,3
Q9LU10,Thylakoid,3,3
O22773,Thylakoid,4,3
O49939,Thylakoid,9,3
Q9SSA5,Thylakoid,9,3
P82869,Thylakoid,9,3
Q9SW33,Thylakoid,17,3
Q9LXX5,Thylakoid,30,3
O49292,Thylakoid,8,4
P82715,Thylakoid,8,4
O82660,Thylakoid,10,4
Q39249,Thylakoid,20,4
Q40251,Thylakoid,20,4
Q9SM43,Thylakoid,20,4
Q9SPI9,Thylakoid,22,4
Q9S841,Thylakoid,33,4
